{
	"credit": "Made by Vega_Senpai",
	"textures": {
		"2": "spawn_egg/wither_skeleton",
		"3": "spawn_egg/stone_sword"
	},
	"elements": [
		{
			"name": "rightArm",
			"from": [1.99, -1.5, 7],
			"to": [3.99, 10.5, 9],
			"shade": false,
			"rotation": {"angle": 0, "axis": "x", "origin": [16, -5.5, 16]},
			"faces": {
				"north": {"uv": [11, 9, 10.5, 15], "texture": "#2"},
				"east": {"uv": [11.5, 9, 11, 15], "texture": "#2"},
				"south": {"uv": [12, 9, 11.5, 15], "texture": "#2"},
				"west": {"uv": [10.5, 9, 10, 15], "texture": "#2"},
				"up": {"uv": [10.5, 9, 11, 8], "texture": "#2"},
				"down": {"uv": [11, 8, 11.5, 9], "texture": "#2"}
			}
		},
		{
			"name": "leftArm",
			"from": [12.01, -1.5, 7],
			"to": [14.01, 10.5, 9],
			"rotation": {"angle": 0, "axis": "y", "origin": [16, -5.5, 16]},
			"faces": {
				"north": {"uv": [10.5, 9, 11, 15], "texture": "#2"},
				"east": {"uv": [10, 9, 10.5, 15], "texture": "#2"},
				"south": {"uv": [11.5, 9, 12, 15], "texture": "#2"},
				"west": {"uv": [11, 9, 11.5, 15], "texture": "#2"},
				"up": {"uv": [11, 9, 10.5, 8], "texture": "#2"},
				"down": {"uv": [11.5, 8, 11, 9], "texture": "#2"}
			}
		},
		{
			"name": "rightLeg",
			"from": [5, -13.5, 7],
			"to": [7, -1.5, 9],
			"shade": false,
			"rotation": {"angle": 0, "axis": "y", "origin": [16, -5.5, 16]},
			"faces": {
				"north": {"uv": [1, 9, 0.5, 15], "texture": "#2"},
				"east": {"uv": [1.5, 9, 1, 15], "texture": "#2"},
				"south": {"uv": [2, 9, 1.5, 15], "texture": "#2"},
				"west": {"uv": [0.5, 9, 0, 15], "texture": "#2"},
				"up": {"uv": [0.5, 9, 1, 8], "texture": "#2"},
				"down": {"uv": [1, 8, 1.5, 9], "texture": "#2"}
			}
		},
		{
			"name": "leftLeg",
			"from": [9, -13.5, 7],
			"to": [11, -1.5, 9],
			"rotation": {"angle": 0, "axis": "y", "origin": [16, -5.5, 16]},
			"faces": {
				"north": {"uv": [0.5, 9, 1, 15], "texture": "#2"},
				"east": {"uv": [0, 9, 0.5, 15], "texture": "#2"},
				"south": {"uv": [1.5, 9, 2, 15], "texture": "#2"},
				"west": {"uv": [1, 9, 1.5, 15], "texture": "#2"},
				"up": {"uv": [1, 9, 0.5, 8], "texture": "#2"},
				"down": {"uv": [1.5, 8, 1, 9], "texture": "#2"}
			}
		},
		{
			"from": [12.6, 6.625, -10.9],
			"to": [13.5, 7.525, -10],
			"rotation": {"angle": 45, "axis": "x", "origin": [20.6, 0.425, -18]},
			"faces": {
				"north": {"uv": [15, 0, 16, 1], "rotation": 180, "texture": "#3"},
				"east": {"uv": [15, 0, 16, 1], "texture": "#3"},
				"south": {"uv": [15, 0, 16, 1], "rotation": 180, "texture": "#3"},
				"west": {"uv": [15, 0, 16, 1], "texture": "#3"},
				"up": {"uv": [15, 0, 16, 1], "rotation": 180, "texture": "#3"},
				"down": {"uv": [15, 0, 16, 1], "rotation": 180, "texture": "#3"}
			}
		},
		{
			"from": [12.6, 5.35221, -9.62721],
			"to": [13.5, 6.25221, -8.72721],
			"rotation": {"angle": 45, "axis": "x", "origin": [20.6, -0.84779, -16.72721]},
			"faces": {
				"north": {"uv": [13, 0, 14, 1], "rotation": 180, "texture": "#3"},
				"east": {"uv": [13, 0, 14, 1], "texture": "#3"},
				"south": {"uv": [13, 0, 14, 1], "rotation": 180, "texture": "#3"},
				"west": {"uv": [13, 0, 14, 1], "texture": "#3"},
				"up": {"uv": [13, 0, 14, 1], "rotation": 180, "texture": "#3"},
				"down": {"uv": [13, 0, 14, 1], "rotation": 180, "texture": "#3"}
			}
		},
		{
			"from": [12.6, 5.35221, -8.35442],
			"to": [13.5, 6.25221, -7.45442],
			"rotation": {"angle": 45, "axis": "x", "origin": [20.6, -0.84779, -15.45442]},
			"faces": {
				"north": {"uv": [12, 1, 13, 2], "rotation": 180, "texture": "#3"},
				"east": {"uv": [12, 1, 13, 2], "texture": "#3"},
				"south": {"uv": [12, 1, 13, 2], "rotation": 180, "texture": "#3"},
				"west": {"uv": [12, 1, 13, 2], "texture": "#3"},
				"up": {"uv": [12, 1, 13, 2], "rotation": 180, "texture": "#3"},
				"down": {"uv": [12, 1, 13, 2], "rotation": 180, "texture": "#3"}
			}
		},
		{
			"from": [12.6, 5.35221, -7.08162],
			"to": [13.5, 6.25221, -6.18162],
			"rotation": {"angle": 45, "axis": "x", "origin": [20.6, -0.84779, -14.18162]},
			"faces": {
				"north": {"uv": [11, 2, 12, 3], "rotation": 180, "texture": "#3"},
				"east": {"uv": [11, 2, 12, 3], "texture": "#3"},
				"south": {"uv": [11, 2, 12, 3], "rotation": 180, "texture": "#3"},
				"west": {"uv": [11, 2, 12, 3], "texture": "#3"},
				"up": {"uv": [11, 2, 12, 3], "rotation": 180, "texture": "#3"},
				"down": {"uv": [11, 2, 12, 3], "rotation": 180, "texture": "#3"}
			}
		},
		{
			"from": [12.6, 5.35221, -5.80883],
			"to": [13.5, 6.25221, -4.90883],
			"rotation": {"angle": 45, "axis": "x", "origin": [20.6, -0.84779, -12.90883]},
			"faces": {
				"north": {"uv": [10, 3, 11, 4], "rotation": 180, "texture": "#3"},
				"east": {"uv": [10, 3, 11, 4], "texture": "#3"},
				"south": {"uv": [10, 3, 11, 4], "rotation": 180, "texture": "#3"},
				"west": {"uv": [10, 3, 11, 4], "texture": "#3"},
				"up": {"uv": [10, 3, 11, 4], "rotation": 180, "texture": "#3"},
				"down": {"uv": [10, 3, 11, 4], "rotation": 180, "texture": "#3"}
			}
		},
		{
			"from": [12.6, 5.35221, -3.26325],
			"to": [13.5, 6.25221, -2.36325],
			"rotation": {"angle": 45, "axis": "x", "origin": [20.6, -0.84779, -10.36325]},
			"faces": {
				"north": {"uv": [8, 5, 9, 6], "rotation": 180, "texture": "#3"},
				"east": {"uv": [8, 5, 9, 6], "texture": "#3"},
				"south": {"uv": [8, 5, 9, 6], "rotation": 180, "texture": "#3"},
				"west": {"uv": [8, 5, 9, 6], "texture": "#3"},
				"up": {"uv": [8, 5, 9, 6], "rotation": 180, "texture": "#3"},
				"down": {"uv": [8, 5, 9, 6], "rotation": 180, "texture": "#3"}
			}
		},
		{
			"from": [12.6, 5.35221, -0.71766],
			"to": [13.5, 6.25221, 0.18234],
			"rotation": {"angle": 45, "axis": "x", "origin": [20.6, -0.84779, -7.81766]},
			"faces": {
				"north": {"uv": [6, 7, 7, 8], "rotation": 180, "texture": "#3"},
				"east": {"uv": [6, 7, 7, 8], "texture": "#3"},
				"south": {"uv": [6, 7, 7, 8], "rotation": 180, "texture": "#3"},
				"west": {"uv": [6, 7, 7, 8], "texture": "#3"},
				"up": {"uv": [6, 7, 7, 8], "rotation": 180, "texture": "#3"},
				"down": {"uv": [6, 7, 7, 8], "rotation": 180, "texture": "#3"}
			}
		},
		{
			"from": [12.6, 4.07942, 0.55513],
			"to": [13.5, 4.97942, 1.45513],
			"rotation": {"angle": 45, "axis": "x", "origin": [20.6, -2.12058, -6.54487]},
			"faces": {
				"north": {"uv": [4, 7, 5, 8], "rotation": 180, "texture": "#3"},
				"east": {"uv": [4, 7, 5, 8], "texture": "#3"},
				"south": {"uv": [4, 7, 5, 8], "rotation": 180, "texture": "#3"},
				"west": {"uv": [4, 7, 5, 8], "texture": "#3"},
				"up": {"uv": [4, 7, 5, 8], "rotation": 180, "texture": "#3"},
				"down": {"uv": [4, 7, 5, 8], "rotation": 180, "texture": "#3"}
			}
		},
		{
			"from": [12.6, 2.80662, 0.55513],
			"to": [13.5, 3.70662, 1.45513],
			"rotation": {"angle": 45, "axis": "x", "origin": [20.6, -3.39338, -6.54487]},
			"faces": {
				"north": {"uv": [3, 6, 4, 7], "rotation": 180, "texture": "#3"},
				"east": {"uv": [3, 6, 4, 7], "texture": "#3"},
				"south": {"uv": [3, 7, 4, 8], "rotation": 180, "texture": "#3"},
				"west": {"uv": [3, 6, 4, 7], "texture": "#3"},
				"up": {"uv": [3, 6, 4, 7], "rotation": 180, "texture": "#3"},
				"down": {"uv": [3, 6, 4, 7], "rotation": 180, "texture": "#3"}
			}
		},
		{
			"from": [12.6, 2.17023, 1.19153],
			"to": [13.5, 3.07023, 2.09153],
			"rotation": {"angle": 45, "axis": "x", "origin": [20.6, -4.02977, -5.90847]},
			"faces": {
				"north": {"uv": [2, 6, 3, 7], "rotation": 180, "texture": "#3"},
				"east": {"uv": [2, 6, 3, 7], "texture": "#3"},
				"south": {"uv": [2, 6, 3, 7], "rotation": 180, "texture": "#3"},
				"west": {"uv": [2, 6, 3, 7], "texture": "#3"},
				"up": {"uv": [2, 6, 3, 7], "rotation": 180, "texture": "#3"},
				"down": {"uv": [2, 6, 3, 7], "rotation": 180, "texture": "#3"}
			}
		},
		{
			"from": [12.6, 2.80662, 1.82792],
			"to": [13.5, 3.70662, 2.72792],
			"rotation": {"angle": 45, "axis": "x", "origin": [20.6, -3.39338, -5.27208]},
			"faces": {
				"north": {"uv": [2, 7, 3, 8], "rotation": 180, "texture": "#3"},
				"east": {"uv": [2, 7, 3, 8], "texture": "#3"},
				"south": {"uv": [2, 7, 3, 8], "rotation": 180, "texture": "#3"},
				"west": {"uv": [2, 7, 3, 8], "texture": "#3"},
				"up": {"uv": [2, 7, 3, 8], "rotation": 180, "texture": "#3"},
				"down": {"uv": [2, 7, 3, 8], "rotation": 180, "texture": "#3"}
			}
		},
		{
			"from": [12.6, 4.07942, 1.82792],
			"to": [13.5, 4.97942, 2.72792],
			"rotation": {"angle": 45, "axis": "x", "origin": [20.6, -2.12058, -5.27208]},
			"faces": {
				"north": {"uv": [3, 8, 4, 9], "rotation": 180, "texture": "#3"},
				"east": {"uv": [3, 8, 4, 9], "texture": "#3"},
				"south": {"uv": [3, 8, 4, 9], "rotation": 180, "texture": "#3"},
				"west": {"uv": [3, 8, 4, 9], "texture": "#3"},
				"up": {"uv": [3, 8, 4, 9], "rotation": 180, "texture": "#3"},
				"down": {"uv": [3, 8, 4, 9], "rotation": 180, "texture": "#3"}
			}
		},
		{
			"from": [12.6, 4.71581, 2.46432],
			"to": [13.5, 5.61581, 3.36432],
			"rotation": {"angle": 45, "axis": "x", "origin": [20.6, -1.48419, -4.63568]},
			"faces": {
				"north": {"uv": [3, 9, 4, 10], "rotation": 180, "texture": "#3"},
				"east": {"uv": [3, 9, 4, 10], "texture": "#3"},
				"south": {"uv": [3, 9, 4, 10], "rotation": 180, "texture": "#3"},
				"west": {"uv": [3, 9, 4, 10], "texture": "#3"},
				"up": {"uv": [3, 9, 4, 10], "rotation": 180, "texture": "#3"},
				"down": {"uv": [3, 9, 4, 10], "rotation": 180, "texture": "#3"}
			}
		},
		{
			"from": [12.6, 5.9886, 2.46432],
			"to": [13.5, 6.8886, 3.36432],
			"rotation": {"angle": 45, "axis": "x", "origin": [20.6, -0.2114, -4.63568]},
			"faces": {
				"north": {"uv": [4, 10, 5, 11], "rotation": 180, "texture": "#3"},
				"east": {"uv": [4, 10, 5, 11], "texture": "#3"},
				"south": {"uv": [4, 10, 5, 11], "rotation": 180, "texture": "#3"},
				"west": {"uv": [4, 10, 5, 11], "texture": "#3"},
				"up": {"uv": [4, 10, 5, 11], "rotation": 180, "texture": "#3"},
				"down": {"uv": [4, 10, 5, 11], "rotation": 180, "texture": "#3"}
			}
		},
		{
			"from": [12.6, 5.9886, 3.73711],
			"to": [13.5, 6.8886, 4.63711],
			"rotation": {"angle": 45, "axis": "x", "origin": [20.6, -0.2114, -3.36289]},
			"faces": {
				"north": {"uv": [3, 11, 4, 12], "rotation": 180, "texture": "#3"},
				"east": {"uv": [3, 11, 4, 12], "texture": "#3"},
				"south": {"uv": [3, 11, 4, 12], "rotation": 180, "texture": "#3"},
				"west": {"uv": [3, 11, 4, 12], "texture": "#3"},
				"up": {"uv": [3, 11, 4, 12], "rotation": 180, "texture": "#3"},
				"down": {"uv": [3, 11, 4, 12], "rotation": 180, "texture": "#3"}
			}
		},
		{
			"from": [12.6, 7.2614, 3.73711],
			"to": [13.5, 8.1614, 4.63711],
			"rotation": {"angle": 45, "axis": "x", "origin": [20.6, 1.0614, -3.36289]},
			"faces": {
				"north": {"uv": [4, 12, 5, 13], "rotation": 180, "texture": "#3"},
				"east": {"uv": [4, 12, 5, 13], "texture": "#3"},
				"south": {"uv": [4, 12, 5, 13], "rotation": 180, "texture": "#3"},
				"west": {"uv": [4, 12, 5, 13], "texture": "#3"},
				"up": {"uv": [4, 12, 5, 13], "rotation": 180, "texture": "#3"},
				"down": {"uv": [4, 12, 5, 13], "rotation": 180, "texture": "#3"}
			}
		},
		{
			"from": [12.6, 7.2614, 5.0099],
			"to": [13.5, 8.1614, 5.9099],
			"rotation": {"angle": 45, "axis": "x", "origin": [20.6, 1.0614, -2.0901]},
			"faces": {
				"north": {"uv": [3, 13, 4, 14], "rotation": 180, "texture": "#3"},
				"east": {"uv": [3, 13, 4, 14], "texture": "#3"},
				"south": {"uv": [3, 13, 4, 14], "rotation": 180, "texture": "#3"},
				"west": {"uv": [3, 13, 4, 14], "texture": "#3"},
				"up": {"uv": [3, 13, 4, 14], "rotation": 180, "texture": "#3"},
				"down": {"uv": [3, 13, 4, 14], "rotation": 180, "texture": "#3"}
			}
		},
		{
			"from": [12.6, 6.625, 5.6463],
			"to": [13.5, 7.525, 6.5463],
			"rotation": {"angle": 45, "axis": "x", "origin": [20.6, 0.425, -1.4537]},
			"faces": {
				"north": {"uv": [2, 13, 3, 14], "rotation": 180, "texture": "#3"},
				"east": {"uv": [2, 13, 3, 14], "texture": "#3"},
				"south": {"uv": [2, 13, 3, 14], "rotation": 180, "texture": "#3"},
				"west": {"uv": [2, 13, 3, 14], "texture": "#3"},
				"up": {"uv": [2, 13, 3, 14], "rotation": 180, "texture": "#3"},
				"down": {"uv": [2, 13, 3, 14], "rotation": 180, "texture": "#3"}
			}
		},
		{
			"from": [12.6, 6.625, 6.91909],
			"to": [13.5, 7.525, 7.81909],
			"rotation": {"angle": 45, "axis": "x", "origin": [20.6, 0.425, -0.18091]},
			"faces": {
				"north": {"uv": [1, 14, 2, 15], "rotation": 180, "texture": "#3"},
				"east": {"uv": [1, 14, 2, 15], "texture": "#3"},
				"south": {"uv": [1, 14, 2, 15], "rotation": 180, "texture": "#3"},
				"west": {"uv": [1, 14, 2, 15], "texture": "#3"},
				"up": {"uv": [1, 14, 2, 15], "rotation": 180, "texture": "#3"},
				"down": {"uv": [1, 14, 2, 15], "rotation": 180, "texture": "#3"}
			}
		},
		{
			"from": [12.6, 7.2614, 6.28269],
			"to": [13.5, 8.1614, 7.18269],
			"rotation": {"angle": 45, "axis": "x", "origin": [20.6, 1.0614, -0.81731]},
			"faces": {
				"north": {"uv": [2, 14, 3, 15], "rotation": 180, "texture": "#3"},
				"east": {"uv": [2, 14, 3, 15], "texture": "#3"},
				"south": {"uv": [2, 14, 3, 15], "rotation": 180, "texture": "#3"},
				"west": {"uv": [2, 14, 3, 15], "texture": "#3"},
				"up": {"uv": [2, 14, 3, 15], "rotation": 180, "texture": "#3"},
				"down": {"uv": [2, 14, 3, 15], "rotation": 180, "texture": "#3"}
			}
		},
		{
			"from": [12.6, 7.89779, 6.91909],
			"to": [13.5, 8.79779, 7.81909],
			"rotation": {"angle": 45, "axis": "x", "origin": [20.6, 1.69779, -0.18091]},
			"faces": {
				"north": {"uv": [2, 15, 3, 16], "rotation": 180, "texture": "#3"},
				"east": {"uv": [2, 15, 3, 16], "texture": "#3"},
				"south": {"uv": [2, 15, 3, 16], "rotation": 180, "texture": "#3"},
				"west": {"uv": [2, 15, 3, 16], "texture": "#3"},
				"up": {"uv": [2, 15, 3, 16], "rotation": 180, "texture": "#3"},
				"down": {"uv": [2, 15, 3, 16], "rotation": 180, "texture": "#3"}
			}
		},
		{
			"from": [12.6, 7.2614, 7.55549],
			"to": [13.5, 8.1614, 8.45549],
			"rotation": {"angle": 45, "axis": "x", "origin": [20.6, 1.0614, 0.45549]},
			"faces": {
				"north": {"uv": [1, 15, 2, 16], "rotation": 180, "texture": "#3"},
				"east": {"uv": [1, 15, 2, 16], "texture": "#3"},
				"south": {"uv": [1, 15, 2, 16], "rotation": 180, "texture": "#3"},
				"west": {"uv": [1, 15, 2, 16], "texture": "#3"},
				"up": {"uv": [1, 15, 2, 16], "rotation": 180, "texture": "#3"},
				"down": {"uv": [1, 15, 2, 16], "rotation": 180, "texture": "#3"}
			}
		},
		{
			"from": [12.6, 6.625, 8.19188],
			"to": [13.5, 7.525, 9.09188],
			"rotation": {"angle": 45, "axis": "x", "origin": [20.6, 0.425, 1.09188]},
			"faces": {
				"north": {"uv": [0, 15, 1, 16], "rotation": 180, "texture": "#3"},
				"east": {"uv": [0, 15, 1, 16], "texture": "#3"},
				"south": {"uv": [0, 15, 1, 16], "rotation": 180, "texture": "#3"},
				"west": {"uv": [0, 15, 1, 16], "texture": "#3"},
				"up": {"uv": [0, 15, 1, 16], "rotation": 180, "texture": "#3"},
				"down": {"uv": [0, 15, 1, 16], "rotation": 180, "texture": "#3"}
			}
		},
		{
			"from": [12.6, 5.9886, 7.55549],
			"to": [13.5, 6.8886, 8.45549],
			"rotation": {"angle": 45, "axis": "x", "origin": [20.6, -0.2114, 0.45549]},
			"faces": {
				"north": {"uv": [0, 14, 1, 15], "rotation": 180, "texture": "#3"},
				"east": {"uv": [0, 14, 1, 15], "texture": "#3"},
				"south": {"uv": [0, 14, 1, 15], "rotation": 180, "texture": "#3"},
				"west": {"uv": [0, 14, 1, 15], "texture": "#3"},
				"up": {"uv": [0, 14, 1, 15], "rotation": 180, "texture": "#3"},
				"down": {"uv": [0, 14, 1, 15], "rotation": 180, "texture": "#3"}
			}
		},
		{
			"from": [12.6, 5.35221, 6.91909],
			"to": [13.5, 6.25221, 7.81909],
			"rotation": {"angle": 45, "axis": "x", "origin": [20.6, -0.84779, -0.18091]},
			"faces": {
				"north": {"uv": [0, 13, 1, 14], "rotation": 180, "texture": "#3"},
				"east": {"uv": [0, 13, 1, 14], "texture": "#3"},
				"south": {"uv": [0, 13, 1, 14], "rotation": 180, "texture": "#3"},
				"west": {"uv": [0, 13, 1, 14], "texture": "#3"},
				"up": {"uv": [0, 13, 1, 14], "rotation": 180, "texture": "#3"},
				"down": {"uv": [0, 13, 1, 14], "rotation": 180, "texture": "#3"}
			}
		},
		{
			"from": [12.6, 5.9886, 6.28269],
			"to": [13.5, 6.8886, 7.18269],
			"rotation": {"angle": 45, "axis": "x", "origin": [20.6, -0.2114, -0.81731]},
			"faces": {
				"north": {"uv": [1, 13, 2, 14], "rotation": 180, "texture": "#3"},
				"east": {"uv": [1, 13, 2, 14], "texture": "#3"},
				"south": {"uv": [1, 13, 2, 14], "rotation": 180, "texture": "#3"},
				"west": {"uv": [1, 13, 2, 14], "texture": "#3"},
				"up": {"uv": [1, 13, 2, 14], "rotation": 180, "texture": "#3"},
				"down": {"uv": [1, 13, 2, 14], "rotation": 180, "texture": "#3"}
			}
		},
		{
			"from": [12.6, 6.625, 4.37351],
			"to": [13.5, 7.525, 5.27351],
			"rotation": {"angle": 45, "axis": "x", "origin": [20.6, 0.425, -2.72649]},
			"faces": {
				"north": {"uv": [3, 12, 4, 13], "rotation": 180, "texture": "#3"},
				"east": {"uv": [3, 12, 4, 13], "texture": "#3"},
				"south": {"uv": [3, 12, 4, 13], "rotation": 180, "texture": "#3"},
				"west": {"uv": [3, 12, 4, 13], "texture": "#3"},
				"up": {"uv": [3, 12, 4, 13], "rotation": 180, "texture": "#3"},
				"down": {"uv": [3, 12, 4, 13], "rotation": 180, "texture": "#3"}
			}
		},
		{
			"from": [12.6, 6.625, 3.10071],
			"to": [13.5, 7.525, 4.00071],
			"rotation": {"angle": 45, "axis": "x", "origin": [20.6, 0.425, -3.99929]},
			"faces": {
				"north": {"uv": [4, 11, 5, 12], "rotation": 180, "texture": "#3"},
				"east": {"uv": [4, 11, 5, 12], "texture": "#3"},
				"south": {"uv": [4, 11, 5, 12], "rotation": 180, "texture": "#3"},
				"west": {"uv": [4, 11, 5, 12], "texture": "#3"},
				"up": {"uv": [4, 11, 5, 12], "rotation": 180, "texture": "#3"},
				"down": {"uv": [4, 11, 5, 12], "rotation": 180, "texture": "#3"}
			}
		},
		{
			"from": [12.6, 5.9886, 5.0099],
			"to": [13.5, 6.8886, 5.9099],
			"rotation": {"angle": 45, "axis": "x", "origin": [20.6, -0.2114, -2.0901]},
			"faces": {
				"north": {"uv": [2, 12, 3, 13], "rotation": 180, "texture": "#3"},
				"east": {"uv": [2, 12, 3, 13], "texture": "#3"},
				"south": {"uv": [2, 12, 3, 13], "rotation": 180, "texture": "#3"},
				"west": {"uv": [2, 12, 3, 13], "texture": "#3"},
				"up": {"uv": [2, 12, 3, 13], "rotation": 180, "texture": "#3"},
				"down": {"uv": [2, 12, 3, 13], "rotation": 180, "texture": "#3"}
			}
		},
		{
			"from": [12.6, 5.35221, 0.55513],
			"to": [13.5, 6.25221, 1.45513],
			"rotation": {"angle": 45, "axis": "x", "origin": [20.6, -0.84779, -6.54487]},
			"faces": {
				"north": {"uv": [5, 8, 6, 9], "rotation": 180, "texture": "#3"},
				"east": {"uv": [5, 8, 6, 9], "texture": "#3"},
				"south": {"uv": [5, 8, 6, 9], "rotation": 180, "texture": "#3"},
				"west": {"uv": [5, 8, 6, 9], "texture": "#3"},
				"up": {"uv": [5, 8, 6, 9], "rotation": 180, "texture": "#3"},
				"down": {"uv": [5, 8, 6, 9], "rotation": 180, "texture": "#3"}
			}
		},
		{
			"from": [12.6, 5.35221, -1.99045],
			"to": [13.5, 6.25221, -1.09045],
			"rotation": {"angle": 45, "axis": "x", "origin": [20.6, -0.84779, -9.09045]},
			"faces": {
				"north": {"uv": [7, 6, 8, 7], "rotation": 180, "texture": "#3"},
				"east": {"uv": [7, 6, 8, 7], "texture": "#3"},
				"south": {"uv": [7, 6, 8, 7], "rotation": 180, "texture": "#3"},
				"west": {"uv": [7, 6, 8, 7], "texture": "#3"},
				"up": {"uv": [7, 6, 8, 7], "rotation": 180, "texture": "#3"},
				"down": {"uv": [7, 6, 8, 7], "rotation": 180, "texture": "#3"}
			}
		},
		{
			"from": [12.6, 5.35221, -4.53604],
			"to": [13.5, 6.25221, -3.63604],
			"rotation": {"angle": 45, "axis": "x", "origin": [20.6, -0.84779, -11.63604]},
			"faces": {
				"north": {"uv": [9, 4, 10, 5], "rotation": 180, "texture": "#3"},
				"east": {"uv": [9, 4, 10, 5], "texture": "#3"},
				"south": {"uv": [9, 4, 10, 5], "rotation": 180, "texture": "#3"},
				"west": {"uv": [9, 4, 10, 5], "texture": "#3"},
				"up": {"uv": [9, 4, 10, 5], "rotation": 180, "texture": "#3"},
				"down": {"uv": [9, 4, 10, 5], "rotation": 180, "texture": "#3"}
			}
		},
		{
			"from": [12.6, 5.9886, -10.2636],
			"to": [13.5, 6.8886, -9.3636],
			"rotation": {"angle": 45, "axis": "x", "origin": [20.6, -0.2114, -17.3636]},
			"faces": {
				"north": {"uv": [14, 0, 15, 1], "rotation": 180, "texture": "#3"},
				"east": {"uv": [14, 0, 15, 1], "texture": "#3"},
				"south": {"uv": [14, 0, 15, 1], "rotation": 180, "texture": "#3"},
				"west": {"uv": [14, 0, 15, 1], "texture": "#3"},
				"up": {"uv": [14, 0, 15, 1], "rotation": 180, "texture": "#3"},
				"down": {"uv": [14, 0, 15, 1], "rotation": 180, "texture": "#3"}
			}
		},
		{
			"from": [12.6, 7.2614, -10.2636],
			"to": [13.5, 8.1614, -9.3636],
			"rotation": {"angle": 45, "axis": "x", "origin": [20.6, 1.0614, -17.3636]},
			"faces": {
				"north": {"uv": [15, 1, 16, 2], "rotation": 180, "texture": "#3"},
				"east": {"uv": [15, 1, 16, 2], "texture": "#3"},
				"south": {"uv": [15, 1, 16, 2], "rotation": 180, "texture": "#3"},
				"west": {"uv": [15, 1, 16, 2], "texture": "#3"},
				"up": {"uv": [15, 1, 16, 2], "rotation": 180, "texture": "#3"},
				"down": {"uv": [15, 1, 16, 2], "rotation": 180, "texture": "#3"}
			}
		},
		{
			"from": [12.6, 6.625, -9.62721],
			"to": [13.5, 7.525, -8.72721],
			"rotation": {"angle": 45, "axis": "x", "origin": [20.6, 0.425, -16.72721]},
			"faces": {
				"north": {"uv": [14, 1, 15, 2], "rotation": 180, "texture": "#3"},
				"east": {"uv": [14, 1, 15, 2], "texture": "#3"},
				"south": {"uv": [14, 1, 15, 2], "rotation": 180, "texture": "#3"},
				"west": {"uv": [14, 1, 15, 2], "texture": "#3"},
				"up": {"uv": [14, 1, 15, 2], "rotation": 180, "texture": "#3"},
				"down": {"uv": [14, 1, 15, 2], "rotation": 180, "texture": "#3"}
			}
		},
		{
			"from": [12.6, 7.2614, -8.99081],
			"to": [13.5, 8.1614, -8.09081],
			"rotation": {"angle": 45, "axis": "x", "origin": [20.6, 1.0614, -16.09081]},
			"faces": {
				"north": {"uv": [14, 2, 15, 3], "rotation": 180, "texture": "#3"},
				"east": {"uv": [14, 2, 15, 3], "texture": "#3"},
				"south": {"uv": [14, 2, 15, 3], "rotation": 180, "texture": "#3"},
				"west": {"uv": [14, 2, 15, 3], "texture": "#3"},
				"up": {"uv": [14, 2, 15, 3], "rotation": 180, "texture": "#3"},
				"down": {"uv": [14, 2, 15, 3], "rotation": 180, "texture": "#3"}
			}
		},
		{
			"from": [12.6, 5.9886, -8.99081],
			"to": [13.5, 6.8886, -8.09081],
			"rotation": {"angle": 45, "axis": "x", "origin": [20.6, -0.2114, -16.09081]},
			"faces": {
				"north": {"uv": [13, 1, 14, 2], "rotation": 180, "texture": "#3"},
				"east": {"uv": [13, 1, 14, 2], "texture": "#3"},
				"south": {"uv": [13, 1, 14, 2], "rotation": 180, "texture": "#3"},
				"west": {"uv": [13, 1, 14, 2], "texture": "#3"},
				"up": {"uv": [13, 1, 14, 2], "rotation": 180, "texture": "#3"},
				"down": {"uv": [13, 1, 14, 2], "rotation": 180, "texture": "#3"}
			}
		},
		{
			"from": [12.6, 5.9886, -7.71802],
			"to": [13.5, 6.8886, -6.81802],
			"rotation": {"angle": 45, "axis": "x", "origin": [20.6, -0.2114, -14.81802]},
			"faces": {
				"north": {"uv": [12, 2, 13, 3], "rotation": 180, "texture": "#3"},
				"east": {"uv": [12, 2, 13, 3], "texture": "#3"},
				"south": {"uv": [12, 2, 13, 3], "rotation": 180, "texture": "#3"},
				"west": {"uv": [12, 2, 13, 3], "texture": "#3"},
				"up": {"uv": [12, 2, 13, 3], "rotation": 180, "texture": "#3"},
				"down": {"uv": [12, 2, 13, 3], "rotation": 180, "texture": "#3"}
			}
		},
		{
			"from": [12.6, 5.9886, -6.44523],
			"to": [13.5, 6.8886, -5.54523],
			"rotation": {"angle": 45, "axis": "x", "origin": [20.6, -0.2114, -13.54523]},
			"faces": {
				"north": {"uv": [11, 3, 12, 4], "rotation": 180, "texture": "#3"},
				"east": {"uv": [11, 3, 12, 4], "texture": "#3"},
				"south": {"uv": [11, 3, 12, 4], "rotation": 180, "texture": "#3"},
				"west": {"uv": [11, 3, 12, 4], "texture": "#3"},
				"up": {"uv": [11, 3, 12, 4], "rotation": 180, "texture": "#3"},
				"down": {"uv": [11, 3, 12, 4], "rotation": 180, "texture": "#3"}
			}
		},
		{
			"from": [12.6, 5.9886, -1.35406],
			"to": [13.5, 6.8886, -0.45406],
			"rotation": {"angle": 45, "axis": "x", "origin": [20.6, -0.2114, -8.45406]},
			"faces": {
				"north": {"uv": [7, 7, 8, 8], "rotation": 180, "texture": "#3"},
				"east": {"uv": [7, 7, 8, 8], "texture": "#3"},
				"south": {"uv": [7, 7, 8, 8], "rotation": 180, "texture": "#3"},
				"west": {"uv": [7, 7, 8, 8], "texture": "#3"},
				"up": {"uv": [7, 7, 8, 8], "rotation": 180, "texture": "#3"},
				"down": {"uv": [7, 7, 8, 8], "rotation": 180, "texture": "#3"}
			}
		},
		{
			"from": [12.6, 5.9886, -0.08127],
			"to": [13.5, 6.8886, 0.81873],
			"rotation": {"angle": 45, "axis": "x", "origin": [20.6, -0.2114, -7.18127]},
			"faces": {
				"north": {"uv": [6, 8, 7, 9], "rotation": 180, "texture": "#3"},
				"east": {"uv": [6, 8, 7, 9], "texture": "#3"},
				"south": {"uv": [6, 8, 7, 9], "rotation": 180, "texture": "#3"},
				"west": {"uv": [6, 8, 7, 9], "texture": "#3"},
				"up": {"uv": [6, 8, 7, 9], "rotation": 180, "texture": "#3"},
				"down": {"uv": [6, 8, 7, 9], "rotation": 180, "texture": "#3"}
			}
		},
		{
			"from": [12.6, 5.9886, -2.62685],
			"to": [13.5, 6.8886, -1.72685],
			"rotation": {"angle": 45, "axis": "x", "origin": [20.6, -0.2114, -9.72685]},
			"faces": {
				"north": {"uv": [8, 6, 9, 7], "rotation": 180, "texture": "#3"},
				"east": {"uv": [8, 6, 9, 7], "texture": "#3"},
				"south": {"uv": [8, 6, 9, 7], "rotation": 180, "texture": "#3"},
				"west": {"uv": [8, 6, 9, 7], "texture": "#3"},
				"up": {"uv": [8, 6, 9, 7], "rotation": 180, "texture": "#3"},
				"down": {"uv": [8, 6, 9, 7], "rotation": 180, "texture": "#3"}
			}
		},
		{
			"from": [12.6, 5.9886, -3.89964],
			"to": [13.5, 6.8886, -2.99964],
			"rotation": {"angle": 45, "axis": "x", "origin": [20.6, -0.2114, -10.99964]},
			"faces": {
				"north": {"uv": [9, 5, 10, 6], "rotation": 180, "texture": "#3"},
				"east": {"uv": [9, 5, 10, 6], "texture": "#3"},
				"south": {"uv": [9, 5, 10, 6], "rotation": 180, "texture": "#3"},
				"west": {"uv": [9, 5, 10, 6], "texture": "#3"},
				"up": {"uv": [9, 5, 10, 6], "rotation": 180, "texture": "#3"},
				"down": {"uv": [9, 5, 10, 6], "rotation": 180, "texture": "#3"}
			}
		},
		{
			"from": [12.6, 5.9886, -5.17244],
			"to": [13.5, 6.8886, -4.27244],
			"rotation": {"angle": 45, "axis": "x", "origin": [20.6, -0.2114, -12.27244]},
			"faces": {
				"north": {"uv": [10, 4, 11, 5], "rotation": 180, "texture": "#3"},
				"east": {"uv": [10, 4, 11, 5], "texture": "#3"},
				"south": {"uv": [10, 4, 11, 5], "rotation": 180, "texture": "#3"},
				"west": {"uv": [10, 4, 11, 5], "texture": "#3"},
				"up": {"uv": [10, 4, 11, 5], "rotation": 180, "texture": "#3"},
				"down": {"uv": [10, 4, 11, 5], "rotation": 180, "texture": "#3"}
			}
		},
		{
			"from": [12.6, 6.625, -8.35442],
			"to": [13.5, 7.525, -7.45442],
			"rotation": {"angle": 45, "axis": "x", "origin": [20.6, 0.425, -15.45442]},
			"faces": {
				"north": {"uv": [13, 2, 14, 3], "rotation": 180, "texture": "#3"},
				"east": {"uv": [13, 2, 14, 3], "texture": "#3"},
				"south": {"uv": [13, 2, 14, 3], "rotation": 180, "texture": "#3"},
				"west": {"uv": [13, 2, 14, 3], "texture": "#3"},
				"up": {"uv": [13, 2, 14, 3], "rotation": 180, "texture": "#3"},
				"down": {"uv": [13, 2, 14, 3], "rotation": 180, "texture": "#3"}
			}
		},
		{
			"from": [12.6, 6.625, -7.08162],
			"to": [13.5, 7.525, -6.18162],
			"rotation": {"angle": 45, "axis": "x", "origin": [20.6, 0.425, -14.18162]},
			"faces": {
				"north": {"uv": [12, 3, 13, 4], "rotation": 180, "texture": "#3"},
				"east": {"uv": [12, 3, 13, 4], "texture": "#3"},
				"south": {"uv": [12, 3, 13, 4], "rotation": 180, "texture": "#3"},
				"west": {"uv": [12, 3, 13, 4], "texture": "#3"},
				"up": {"uv": [12, 3, 13, 4], "rotation": 180, "texture": "#3"},
				"down": {"uv": [12, 3, 13, 4], "rotation": 180, "texture": "#3"}
			}
		},
		{
			"from": [12.6, 6.625, -5.80883],
			"to": [13.5, 7.525, -4.90883],
			"rotation": {"angle": 45, "axis": "x", "origin": [20.6, 0.425, -12.90883]},
			"faces": {
				"north": {"uv": [11, 4, 12, 5], "rotation": 180, "texture": "#3"},
				"east": {"uv": [11, 4, 12, 5], "texture": "#3"},
				"south": {"uv": [11, 4, 12, 5], "rotation": 180, "texture": "#3"},
				"west": {"uv": [11, 4, 12, 5], "texture": "#3"},
				"up": {"uv": [11, 4, 12, 5], "rotation": 180, "texture": "#3"},
				"down": {"uv": [11, 4, 12, 5], "rotation": 180, "texture": "#3"}
			}
		},
		{
			"from": [12.6, 6.625, -4.53604],
			"to": [13.5, 7.525, -3.63604],
			"rotation": {"angle": 45, "axis": "x", "origin": [20.6, 0.425, -11.63604]},
			"faces": {
				"north": {"uv": [10, 5, 11, 6], "rotation": 180, "texture": "#3"},
				"east": {"uv": [10, 5, 11, 6], "texture": "#3"},
				"south": {"uv": [10, 5, 11, 6], "rotation": 180, "texture": "#3"},
				"west": {"uv": [10, 5, 11, 6], "texture": "#3"},
				"up": {"uv": [10, 5, 11, 6], "rotation": 180, "texture": "#3"},
				"down": {"uv": [10, 5, 11, 6], "rotation": 180, "texture": "#3"}
			}
		},
		{
			"from": [12.6, 6.625, -3.26325],
			"to": [13.5, 7.525, -2.36325],
			"rotation": {"angle": 45, "axis": "x", "origin": [20.6, 0.425, -10.36325]},
			"faces": {
				"north": {"uv": [9, 6, 10, 7], "rotation": 180, "texture": "#3"},
				"east": {"uv": [9, 6, 10, 7], "texture": "#3"},
				"south": {"uv": [9, 6, 10, 7], "rotation": 180, "texture": "#3"},
				"west": {"uv": [9, 6, 10, 7], "texture": "#3"},
				"up": {"uv": [9, 6, 10, 7], "rotation": 180, "texture": "#3"},
				"down": {"uv": [9, 6, 10, 7], "rotation": 180, "texture": "#3"}
			}
		},
		{
			"from": [12.6, 6.625, -1.99045],
			"to": [13.5, 7.525, -1.09045],
			"rotation": {"angle": 45, "axis": "x", "origin": [20.6, 0.425, -9.09045]},
			"faces": {
				"north": {"uv": [8, 7, 9, 8], "rotation": 180, "texture": "#3"},
				"east": {"uv": [8, 7, 9, 8], "texture": "#3"},
				"south": {"uv": [8, 7, 9, 8], "rotation": 180, "texture": "#3"},
				"west": {"uv": [8, 7, 9, 8], "texture": "#3"},
				"up": {"uv": [8, 7, 9, 8], "rotation": 180, "texture": "#3"},
				"down": {"uv": [8, 7, 9, 8], "rotation": 180, "texture": "#3"}
			}
		},
		{
			"from": [12.6, 6.625, -0.71766],
			"to": [13.5, 7.525, 0.18234],
			"rotation": {"angle": 45, "axis": "x", "origin": [20.6, 0.425, -7.81766]},
			"faces": {
				"north": {"uv": [7, 8, 8, 9], "rotation": 180, "texture": "#3"},
				"east": {"uv": [7, 8, 8, 9], "texture": "#3"},
				"south": {"uv": [7, 8, 8, 9], "rotation": 180, "texture": "#3"},
				"west": {"uv": [7, 8, 8, 9], "texture": "#3"},
				"up": {"uv": [7, 8, 8, 9], "rotation": 180, "texture": "#3"},
				"down": {"uv": [7, 8, 8, 9], "rotation": 180, "texture": "#3"}
			}
		},
		{
			"from": [12.6, 6.625, 0.55513],
			"to": [13.5, 7.525, 1.45513],
			"rotation": {"angle": 45, "axis": "x", "origin": [20.6, 0.425, -6.54487]},
			"faces": {
				"north": {"uv": [6, 9, 7, 10], "rotation": 180, "texture": "#3"},
				"east": {"uv": [6, 9, 7, 10], "texture": "#3"},
				"south": {"uv": [6, 9, 7, 10], "rotation": 180, "texture": "#3"},
				"west": {"uv": [6, 9, 7, 10], "texture": "#3"},
				"up": {"uv": [6, 9, 7, 10], "rotation": 180, "texture": "#3"},
				"down": {"uv": [6, 9, 7, 10], "rotation": 180, "texture": "#3"}
			}
		},
		{
			"from": [12.6, 6.625, 1.82792],
			"to": [13.5, 7.525, 2.72792],
			"rotation": {"angle": 45, "axis": "x", "origin": [20.6, 0.425, -5.27208]},
			"faces": {
				"north": {"uv": [5, 10, 6, 11], "rotation": 180, "texture": "#3"},
				"east": {"uv": [5, 10, 6, 11], "texture": "#3"},
				"south": {"uv": [5, 10, 6, 11], "rotation": 180, "texture": "#3"},
				"west": {"uv": [5, 10, 6, 11], "texture": "#3"},
				"up": {"uv": [5, 10, 6, 11], "rotation": 180, "texture": "#3"},
				"down": {"uv": [5, 10, 6, 11], "rotation": 180, "texture": "#3"}
			}
		},
		{
			"from": [12.6, 5.9886, 1.19153],
			"to": [13.5, 6.8886, 2.09153],
			"rotation": {"angle": 45, "axis": "x", "origin": [20.6, -0.2114, -5.90847]},
			"faces": {
				"north": {"uv": [5, 9, 6, 10], "rotation": 180, "texture": "#3"},
				"east": {"uv": [5, 9, 6, 10], "texture": "#3"},
				"south": {"uv": [5, 9, 6, 10], "rotation": 180, "texture": "#3"},
				"west": {"uv": [5, 9, 6, 10], "texture": "#3"},
				"up": {"uv": [5, 9, 6, 10], "rotation": 180, "texture": "#3"},
				"down": {"uv": [5, 9, 6, 10], "rotation": 180, "texture": "#3"}
			}
		},
		{
			"from": [12.6, 5.35221, 1.82792],
			"to": [13.5, 6.25221, 2.72792],
			"rotation": {"angle": 45, "axis": "x", "origin": [20.6, -0.84779, -5.27208]},
			"faces": {
				"north": {"uv": [4, 9, 5, 10], "rotation": 180, "texture": "#3"},
				"east": {"uv": [4, 9, 5, 10], "texture": "#3"},
				"south": {"uv": [4, 9, 5, 10], "rotation": 180, "texture": "#3"},
				"west": {"uv": [4, 9, 5, 10], "texture": "#3"},
				"up": {"uv": [4, 9, 5, 10], "rotation": 180, "texture": "#3"},
				"down": {"uv": [4, 9, 5, 10], "rotation": 180, "texture": "#3"}
			}
		},
		{
			"from": [12.6, 4.71581, 1.19153],
			"to": [13.5, 5.61581, 2.09153],
			"rotation": {"angle": 45, "axis": "x", "origin": [20.6, -1.48419, -5.90847]},
			"faces": {
				"north": {"uv": [4, 8, 5, 9], "rotation": 180, "texture": "#3"},
				"east": {"uv": [4, 8, 5, 9], "texture": "#3"},
				"south": {"uv": [4, 8, 5, 9], "rotation": 180, "texture": "#3"},
				"west": {"uv": [4, 8, 5, 9], "texture": "#3"},
				"up": {"uv": [4, 8, 5, 9], "rotation": 180, "texture": "#3"},
				"down": {"uv": [4, 8, 5, 9], "rotation": 180, "texture": "#3"}
			}
		},
		{
			"from": [12.6, 3.44302, 1.19153],
			"to": [13.5, 4.34302, 2.09153],
			"rotation": {"angle": 45, "axis": "x", "origin": [20.6, -2.75698, -5.90847]},
			"faces": {
				"north": {"uv": [3, 7, 4, 8], "rotation": 180, "texture": "#3"},
				"east": {"uv": [3, 7, 4, 8], "texture": "#3"},
				"south": {"uv": [3, 7, 4, 8], "rotation": 180, "texture": "#3"},
				"west": {"uv": [3, 7, 4, 8], "texture": "#3"},
				"up": {"uv": [3, 7, 4, 8], "rotation": 180, "texture": "#3"},
				"down": {"uv": [3, 7, 4, 8], "rotation": 180, "texture": "#3"}
			}
		},
		{
			"from": [12.6, 7.2614, 1.19153],
			"to": [13.5, 8.1614, 2.09153],
			"rotation": {"angle": 45, "axis": "x", "origin": [20.6, 1.0614, -5.90847]},
			"faces": {
				"north": {"uv": [6, 10, 7, 11], "rotation": 180, "texture": "#3"},
				"east": {"uv": [6, 10, 7, 11], "texture": "#3"},
				"south": {"uv": [6, 10, 7, 11], "rotation": 180, "texture": "#3"},
				"west": {"uv": [6, 10, 7, 11], "texture": "#3"},
				"up": {"uv": [6, 10, 7, 11], "rotation": 180, "texture": "#3"},
				"down": {"uv": [6, 10, 7, 11], "rotation": 180, "texture": "#3"}
			}
		},
		{
			"from": [12.6, 8.53419, 1.19153],
			"to": [13.5, 9.43419, 2.09153],
			"rotation": {"angle": 45, "axis": "x", "origin": [20.6, 2.33419, -5.90847]},
			"faces": {
				"north": {"uv": [7, 11, 8, 12], "rotation": 180, "texture": "#3"},
				"east": {"uv": [7, 11, 8, 12], "texture": "#3"},
				"south": {"uv": [7, 11, 8, 12], "rotation": 180, "texture": "#3"},
				"west": {"uv": [7, 11, 8, 12], "texture": "#3"},
				"up": {"uv": [7, 11, 8, 12], "rotation": 180, "texture": "#3"},
				"down": {"uv": [7, 11, 8, 12], "rotation": 180, "texture": "#3"}
			}
		},
		{
			"from": [12.6, 9.80698, 1.19153],
			"to": [13.5, 10.70698, 2.09153],
			"rotation": {"angle": 45, "axis": "x", "origin": [20.6, 3.60698, -5.90847]},
			"faces": {
				"north": {"uv": [8, 12, 9, 13], "rotation": 180, "texture": "#3"},
				"east": {"uv": [8, 12, 9, 13], "texture": "#3"},
				"south": {"uv": [8, 12, 9, 13], "rotation": 180, "texture": "#3"},
				"west": {"uv": [8, 12, 9, 13], "texture": "#3"},
				"up": {"uv": [8, 12, 9, 13], "rotation": 180, "texture": "#3"},
				"down": {"uv": [8, 12, 9, 13], "rotation": 180, "texture": "#3"}
			}
		},
		{
			"from": [12.6, 7.89779, 1.82792],
			"to": [13.5, 8.79779, 2.72792],
			"rotation": {"angle": 45, "axis": "x", "origin": [20.6, 1.69779, -5.27208]},
			"faces": {
				"north": {"uv": [6, 11, 7, 12], "rotation": 180, "texture": "#3"},
				"east": {"uv": [6, 11, 7, 12], "texture": "#3"},
				"south": {"uv": [6, 11, 7, 12], "rotation": 180, "texture": "#3"},
				"west": {"uv": [6, 11, 7, 12], "texture": "#3"},
				"up": {"uv": [6, 11, 7, 12], "rotation": 180, "texture": "#3"},
				"down": {"uv": [6, 11, 7, 12], "rotation": 180, "texture": "#3"}
			}
		},
		{
			"from": [12.6, 7.2614, -7.71802],
			"to": [13.5, 8.1614, -6.81802],
			"rotation": {"angle": 45, "axis": "x", "origin": [20.6, 1.0614, -14.81802]},
			"faces": {
				"north": {"uv": [13, 3, 14, 4], "rotation": 180, "texture": "#3"},
				"east": {"uv": [13, 3, 14, 4], "texture": "#3"},
				"south": {"uv": [13, 3, 14, 4], "rotation": 180, "texture": "#3"},
				"west": {"uv": [13, 3, 14, 4], "texture": "#3"},
				"up": {"uv": [13, 3, 14, 4], "rotation": 180, "texture": "#3"},
				"down": {"uv": [13, 3, 14, 4], "rotation": 180, "texture": "#3"}
			}
		},
		{
			"from": [12.6, 7.2614, -6.44523],
			"to": [13.5, 8.1614, -5.54523],
			"rotation": {"angle": 45, "axis": "x", "origin": [20.6, 1.0614, -13.54523]},
			"faces": {
				"north": {"uv": [12, 4, 13, 5], "rotation": 180, "texture": "#3"},
				"east": {"uv": [12, 4, 13, 5], "texture": "#3"},
				"south": {"uv": [12, 4, 13, 5], "rotation": 180, "texture": "#3"},
				"west": {"uv": [12, 4, 13, 5], "texture": "#3"},
				"up": {"uv": [12, 4, 13, 5], "rotation": 180, "texture": "#3"},
				"down": {"uv": [12, 4, 13, 5], "rotation": 180, "texture": "#3"}
			}
		},
		{
			"from": [12.6, 7.2614, -5.17244],
			"to": [13.5, 8.1614, -4.27244],
			"rotation": {"angle": 45, "axis": "x", "origin": [20.6, 1.0614, -12.27244]},
			"faces": {
				"north": {"uv": [11, 5, 12, 6], "rotation": 180, "texture": "#3"},
				"east": {"uv": [11, 5, 12, 6], "texture": "#3"},
				"south": {"uv": [11, 5, 12, 6], "rotation": 180, "texture": "#3"},
				"west": {"uv": [11, 5, 12, 6], "texture": "#3"},
				"up": {"uv": [11, 5, 12, 6], "rotation": 180, "texture": "#3"},
				"down": {"uv": [11, 5, 12, 6], "rotation": 180, "texture": "#3"}
			}
		},
		{
			"from": [12.6, 7.2614, -3.89964],
			"to": [13.5, 8.1614, -2.99964],
			"rotation": {"angle": 45, "axis": "x", "origin": [20.6, 1.0614, -10.99964]},
			"faces": {
				"north": {"uv": [10, 6, 11, 7], "rotation": 180, "texture": "#3"},
				"east": {"uv": [10, 6, 11, 7], "texture": "#3"},
				"south": {"uv": [10, 6, 11, 7], "rotation": 180, "texture": "#3"},
				"west": {"uv": [10, 6, 11, 7], "texture": "#3"},
				"up": {"uv": [10, 6, 11, 7], "rotation": 180, "texture": "#3"},
				"down": {"uv": [10, 6, 11, 7], "rotation": 180, "texture": "#3"}
			}
		},
		{
			"from": [12.6, 7.2614, -2.62685],
			"to": [13.5, 8.1614, -1.72685],
			"rotation": {"angle": 45, "axis": "x", "origin": [20.6, 1.0614, -9.72685]},
			"faces": {
				"north": {"uv": [9, 7, 10, 8], "rotation": 180, "texture": "#3"},
				"east": {"uv": [9, 7, 10, 8], "texture": "#3"},
				"south": {"uv": [9, 7, 10, 8], "rotation": 180, "texture": "#3"},
				"west": {"uv": [9, 7, 10, 8], "texture": "#3"},
				"up": {"uv": [9, 7, 10, 8], "rotation": 180, "texture": "#3"},
				"down": {"uv": [9, 7, 10, 8], "rotation": 180, "texture": "#3"}
			}
		},
		{
			"from": [12.6, 7.2614, -1.35406],
			"to": [13.5, 8.1614, -0.45406],
			"rotation": {"angle": 45, "axis": "x", "origin": [20.6, 1.0614, -8.45406]},
			"faces": {
				"north": {"uv": [8, 8, 9, 9], "rotation": 180, "texture": "#3"},
				"east": {"uv": [8, 8, 9, 9], "texture": "#3"},
				"south": {"uv": [8, 8, 9, 9], "rotation": 180, "texture": "#3"},
				"west": {"uv": [8, 8, 9, 9], "texture": "#3"},
				"up": {"uv": [8, 8, 9, 9], "rotation": 180, "texture": "#3"},
				"down": {"uv": [8, 8, 9, 9], "rotation": 180, "texture": "#3"}
			}
		},
		{
			"from": [12.6, 7.2614, -0.08127],
			"to": [13.5, 8.1614, 0.81873],
			"rotation": {"angle": 45, "axis": "x", "origin": [20.6, 1.0614, -7.18127]},
			"faces": {
				"north": {"uv": [7, 9, 8, 10], "rotation": 180, "texture": "#3"},
				"east": {"uv": [7, 9, 8, 10], "texture": "#3"},
				"south": {"uv": [7, 9, 8, 10], "rotation": 180, "texture": "#3"},
				"west": {"uv": [7, 9, 8, 10], "texture": "#3"},
				"up": {"uv": [7, 9, 8, 10], "rotation": 180, "texture": "#3"},
				"down": {"uv": [7, 9, 8, 10], "rotation": 180, "texture": "#3"}
			}
		},
		{
			"from": [12.6, 7.89779, -9.62721],
			"to": [13.5, 8.79779, -8.72721],
			"rotation": {"angle": 45, "axis": "x", "origin": [20.6, 1.69779, -16.72721]},
			"faces": {
				"north": {"uv": [15, 2, 16, 3], "rotation": 180, "texture": "#3"},
				"east": {"uv": [15, 2, 16, 3], "texture": "#3"},
				"south": {"uv": [15, 2, 16, 3], "rotation": 180, "texture": "#3"},
				"west": {"uv": [15, 2, 16, 3], "texture": "#3"},
				"up": {"uv": [15, 2, 16, 3], "rotation": 180, "texture": "#3"},
				"down": {"uv": [15, 2, 16, 3], "rotation": 180, "texture": "#3"}
			}
		},
		{
			"from": [12.6, 7.89779, -8.35442],
			"to": [13.5, 8.79779, -7.45442],
			"rotation": {"angle": 45, "axis": "x", "origin": [20.6, 1.69779, -15.45442]},
			"faces": {
				"north": {"uv": [14, 3, 15, 4], "rotation": 180, "texture": "#3"},
				"east": {"uv": [14, 3, 15, 4], "texture": "#3"},
				"south": {"uv": [14, 3, 15, 4], "rotation": 180, "texture": "#3"},
				"west": {"uv": [14, 3, 15, 4], "texture": "#3"},
				"up": {"uv": [14, 3, 15, 4], "rotation": 180, "texture": "#3"},
				"down": {"uv": [14, 3, 15, 4], "rotation": 180, "texture": "#3"}
			}
		},
		{
			"from": [12.6, 7.89779, -7.08162],
			"to": [13.5, 8.79779, -6.18162],
			"rotation": {"angle": 45, "axis": "x", "origin": [20.6, 1.69779, -14.18162]},
			"faces": {
				"north": {"uv": [13, 4, 14, 5], "rotation": 180, "texture": "#3"},
				"east": {"uv": [13, 4, 14, 5], "texture": "#3"},
				"south": {"uv": [13, 4, 14, 5], "rotation": 180, "texture": "#3"},
				"west": {"uv": [13, 4, 14, 5], "texture": "#3"},
				"up": {"uv": [13, 4, 14, 5], "rotation": 180, "texture": "#3"},
				"down": {"uv": [13, 4, 14, 5], "rotation": 180, "texture": "#3"}
			}
		},
		{
			"from": [12.6, 7.89779, -5.80883],
			"to": [13.5, 8.79779, -4.90883],
			"rotation": {"angle": 45, "axis": "x", "origin": [20.6, 1.69779, -12.90883]},
			"faces": {
				"north": {"uv": [12, 5, 13, 6], "rotation": 180, "texture": "#3"},
				"east": {"uv": [12, 5, 13, 6], "texture": "#3"},
				"south": {"uv": [12, 5, 13, 6], "rotation": 180, "texture": "#3"},
				"west": {"uv": [12, 5, 13, 6], "texture": "#3"},
				"up": {"uv": [12, 5, 13, 6], "rotation": 180, "texture": "#3"},
				"down": {"uv": [12, 5, 13, 6], "rotation": 180, "texture": "#3"}
			}
		},
		{
			"from": [12.6, 7.89779, -4.53604],
			"to": [13.5, 8.79779, -3.63604],
			"rotation": {"angle": 45, "axis": "x", "origin": [20.6, 1.69779, -11.63604]},
			"faces": {
				"north": {"uv": [11, 6, 12, 7], "rotation": 180, "texture": "#3"},
				"east": {"uv": [11, 6, 12, 7], "texture": "#3"},
				"south": {"uv": [11, 6, 12, 7], "rotation": 180, "texture": "#3"},
				"west": {"uv": [11, 6, 12, 7], "texture": "#3"},
				"up": {"uv": [11, 6, 12, 7], "rotation": 180, "texture": "#3"},
				"down": {"uv": [11, 6, 12, 7], "rotation": 180, "texture": "#3"}
			}
		},
		{
			"from": [12.6, 7.89779, -3.26325],
			"to": [13.5, 8.79779, -2.36325],
			"rotation": {"angle": 45, "axis": "x", "origin": [20.6, 1.69779, -10.36325]},
			"faces": {
				"north": {"uv": [10, 7, 11, 8], "rotation": 180, "texture": "#3"},
				"east": {"uv": [10, 7, 11, 8], "texture": "#3"},
				"south": {"uv": [10, 7, 11, 8], "rotation": 180, "texture": "#3"},
				"west": {"uv": [10, 7, 11, 8], "texture": "#3"},
				"up": {"uv": [10, 7, 11, 8], "rotation": 180, "texture": "#3"},
				"down": {"uv": [10, 7, 11, 8], "rotation": 180, "texture": "#3"}
			}
		},
		{
			"from": [12.6, 7.89779, -1.99045],
			"to": [13.5, 8.79779, -1.09045],
			"rotation": {"angle": 45, "axis": "x", "origin": [20.6, 1.69779, -9.09045]},
			"faces": {
				"north": {"uv": [9, 8, 10, 9], "rotation": 180, "texture": "#3"},
				"east": {"uv": [9, 8, 10, 9], "texture": "#3"},
				"south": {"uv": [9, 8, 10, 9], "rotation": 180, "texture": "#3"},
				"west": {"uv": [9, 8, 10, 9], "texture": "#3"},
				"up": {"uv": [9, 8, 10, 9], "rotation": 180, "texture": "#3"},
				"down": {"uv": [9, 8, 10, 9], "rotation": 180, "texture": "#3"}
			}
		},
		{
			"from": [12.6, 7.89779, -0.71766],
			"to": [13.5, 8.79779, 0.18234],
			"rotation": {"angle": 45, "axis": "x", "origin": [20.6, 1.69779, -7.81766]},
			"faces": {
				"north": {"uv": [8, 9, 9, 10], "rotation": 180, "texture": "#3"},
				"east": {"uv": [8, 9, 9, 10], "texture": "#3"},
				"south": {"uv": [8, 9, 9, 10], "rotation": 180, "texture": "#3"},
				"west": {"uv": [8, 9, 9, 10], "texture": "#3"},
				"up": {"uv": [8, 9, 9, 10], "rotation": 180, "texture": "#3"},
				"down": {"uv": [8, 9, 9, 10], "rotation": 180, "texture": "#3"}
			}
		},
		{
			"from": [12.6, 7.89779, 0.55513],
			"to": [13.5, 8.79779, 1.45513],
			"rotation": {"angle": 45, "axis": "x", "origin": [20.6, 1.69779, -6.54487]},
			"faces": {
				"north": {"uv": [7, 10, 8, 11], "rotation": 180, "texture": "#3"},
				"east": {"uv": [7, 10, 8, 11], "texture": "#3"},
				"south": {"uv": [7, 10, 8, 11], "rotation": 180, "texture": "#3"},
				"west": {"uv": [7, 10, 8, 11], "texture": "#3"},
				"up": {"uv": [7, 10, 8, 11], "rotation": 180, "texture": "#3"},
				"down": {"uv": [7, 10, 8, 11], "rotation": 180, "texture": "#3"}
			}
		},
		{
			"from": [12.6, 9.17058, 0.55513],
			"to": [13.5, 10.07058, 1.45513],
			"rotation": {"angle": 45, "axis": "x", "origin": [20.6, 2.97058, -6.54487]},
			"faces": {
				"north": {"uv": [8, 11, 9, 12], "rotation": 180, "texture": "#3"},
				"east": {"uv": [8, 11, 9, 12], "texture": "#3"},
				"south": {"uv": [8, 11, 9, 12], "rotation": 180, "texture": "#3"},
				"west": {"uv": [8, 11, 9, 12], "texture": "#3"},
				"up": {"uv": [8, 11, 9, 12], "rotation": 180, "texture": "#3"},
				"down": {"uv": [8, 11, 9, 12], "rotation": 180, "texture": "#3"}
			}
		},
		{
			"from": [12.6, 10.44338, 0.55513],
			"to": [13.5, 11.34338, 1.45513],
			"rotation": {"angle": 45, "axis": "x", "origin": [20.6, 4.24338, -6.54487]},
			"faces": {
				"north": {"uv": [9, 12, 10, 13], "rotation": 180, "texture": "#3"},
				"east": {"uv": [9, 12, 10, 13], "texture": "#3"},
				"south": {"uv": [9, 12, 10, 13], "rotation": 180, "texture": "#3"},
				"west": {"uv": [9, 12, 10, 13], "texture": "#3"},
				"up": {"uv": [9, 12, 10, 13], "rotation": 180, "texture": "#3"},
				"down": {"uv": [9, 12, 10, 13], "rotation": 180, "texture": "#3"}
			}
		},
		{
			"from": [12.6, 11.07977, 1.19153],
			"to": [13.5, 11.97977, 2.09153],
			"rotation": {"angle": 45, "axis": "x", "origin": [20.6, 4.87977, -5.90847]},
			"faces": {
				"north": {"uv": [9, 13, 10, 14], "rotation": 180, "texture": "#3"},
				"east": {"uv": [9, 13, 10, 14], "texture": "#3"},
				"south": {"uv": [9, 13, 10, 14], "rotation": 180, "texture": "#3"},
				"west": {"uv": [9, 13, 10, 14], "texture": "#3"},
				"up": {"uv": [9, 13, 10, 14], "rotation": 180, "texture": "#3"},
				"down": {"uv": [9, 13, 10, 14], "rotation": 180, "texture": "#3"}
			}
		},
		{
			"from": [12.6, 10.44338, 1.82792],
			"to": [13.5, 11.34338, 2.72792],
			"rotation": {"angle": 45, "axis": "x", "origin": [20.6, 4.24338, -5.27208]},
			"faces": {
				"north": {"uv": [8, 13, 9, 14], "rotation": 180, "texture": "#3"},
				"east": {"uv": [8, 13, 9, 14], "texture": "#3"},
				"south": {"uv": [8, 13, 9, 14], "rotation": 180, "texture": "#3"},
				"west": {"uv": [8, 13, 9, 14], "texture": "#3"},
				"up": {"uv": [8, 13, 9, 14], "rotation": 180, "texture": "#3"},
				"down": {"uv": [8, 13, 9, 14], "rotation": 180, "texture": "#3"}
			}
		},
		{
			"from": [12.6, 9.17058, 1.82792],
			"to": [13.5, 10.07058, 2.72792],
			"rotation": {"angle": 45, "axis": "x", "origin": [20.6, 2.97058, -5.27208]},
			"faces": {
				"north": {"uv": [7, 12, 8, 13], "rotation": 180, "texture": "#3"},
				"east": {"uv": [7, 12, 8, 13], "texture": "#3"},
				"south": {"uv": [7, 12, 8, 13], "rotation": 180, "texture": "#3"},
				"west": {"uv": [7, 12, 8, 13], "texture": "#3"},
				"up": {"uv": [7, 12, 8, 13], "rotation": 180, "texture": "#3"},
				"down": {"uv": [7, 12, 8, 13], "rotation": 180, "texture": "#3"}
			}
		},
		{
			"from": [12.6, 8.53419, 2.46432],
			"to": [13.5, 9.43419, 3.36432],
			"rotation": {"angle": 45, "axis": "x", "origin": [20.6, 2.33419, -4.63568]},
			"faces": {
				"north": {"uv": [6, 12, 7, 13], "rotation": 180, "texture": "#3"},
				"east": {"uv": [6, 12, 7, 13], "texture": "#3"},
				"south": {"uv": [6, 12, 7, 13], "rotation": 180, "texture": "#3"},
				"west": {"uv": [6, 12, 7, 13], "texture": "#3"},
				"up": {"uv": [6, 12, 7, 13], "rotation": 180, "texture": "#3"},
				"down": {"uv": [6, 12, 7, 13], "rotation": 180, "texture": "#3"}
			}
		},
		{
			"from": [12.6, 7.2614, 2.46432],
			"to": [13.5, 8.1614, 3.36432],
			"rotation": {"angle": 45, "axis": "x", "origin": [20.6, 1.0614, -4.63568]},
			"faces": {
				"north": {"uv": [5, 11, 6, 12], "rotation": 180, "texture": "#3"},
				"east": {"uv": [5, 11, 6, 12], "texture": "#3"},
				"south": {"uv": [5, 11, 6, 12], "rotation": 180, "texture": "#3"},
				"west": {"uv": [5, 11, 6, 12], "texture": "#3"},
				"up": {"uv": [5, 11, 6, 12], "rotation": 180, "texture": "#3"},
				"down": {"uv": [5, 11, 6, 12], "rotation": 180, "texture": "#3"}
			}
		},
		{
			"name": "head",
			"from": [4, 10.5, 4],
			"to": [12, 18.5, 4.01],
			"shade": false,
			"rotation": {"angle": 0, "axis": "y", "origin": [0, -5.5, 16]},
			"faces": {
				"north": {"uv": [2, 4, 4, 8], "texture": "#2"},
				"south": {"uv": [2, 4, 3.99975, 7.9995], "texture": "#2"}
			}
		},
		{
			"name": "head",
			"from": [4.01, 10.5, 4],
			"to": [4.02, 18.5, 12],
			"shade": false,
			"rotation": {"angle": 0, "axis": "y", "origin": [16, -5.5, 16]},
			"faces": {
				"east": {"uv": [6, 4, 4, 8], "texture": "#2"},
				"west": {"uv": [2, 4, 0, 8], "texture": "#2"}
			}
		},
		{
			"name": "head",
			"from": [4, 18.49, 4],
			"to": [12, 18.5, 12],
			"shade": false,
			"rotation": {"angle": 0, "axis": "y", "origin": [0, -5.5, 16]},
			"faces": {
				"up": {"uv": [4, 4, 2, 0], "texture": "#2"},
				"down": {"uv": [3.99975, 0, 2, 4], "texture": "#2"}
			}
		},
		{
			"name": "head",
			"from": [4, 10.5, 11.99],
			"to": [12, 18.5, 12],
			"shade": false,
			"rotation": {"angle": 0, "axis": "y", "origin": [16, -5.5, 16]},
			"faces": {
				"north": {"uv": [8, 4, 6, 7.9995], "texture": "#2"},
				"south": {"uv": [8, 4, 6, 8], "texture": "#2"}
			}
		},
		{
			"name": "head",
			"from": [11.99, 10.5, 4],
			"to": [12, 18.5, 12],
			"shade": false,
			"rotation": {"angle": 0, "axis": "y", "origin": [16, -5.5, 16]},
			"faces": {
				"east": {"uv": [6, 4, 4, 8], "texture": "#2"},
				"west": {"uv": [2, 4, 0, 8], "texture": "#2"}
			}
		},
		{
			"name": "head",
			"from": [4, 10.5, 4],
			"to": [12, 10.51, 12],
			"shade": false,
			"rotation": {"angle": 0, "axis": "y", "origin": [0, -5.5, 16]},
			"faces": {
				"up": {"uv": [5.99975, 4, 3.99975, 0], "texture": "#2"},
				"down": {"uv": [6, 0, 4, 4], "texture": "#2"}
			}
		},
		{
			"name": "body",
			"from": [4, -1.5, 9.99],
			"to": [12, 10.5, 10],
			"shade": false,
			"rotation": {"angle": 0, "axis": "y", "origin": [0, -5.5, 16]},
			"faces": {
				"north": {"uv": [8, 10, 9.99975, 16], "texture": "#2"},
				"south": {"uv": [8, 10, 10, 16], "texture": "#2"}
			}
		},
		{
			"name": "body",
			"from": [4, -1.5, 6],
			"to": [4.01, 10.5, 10],
			"shade": false,
			"rotation": {"angle": 0, "axis": "y", "origin": [16, -5.5, 16]},
			"faces": {
				"east": {"uv": [8, 10, 7, 16], "texture": "#2"},
				"west": {"uv": [5, 10, 4, 16], "texture": "#2"}
			}
		},
		{
			"name": "body",
			"from": [4, -1.5, 6],
			"to": [12, 10.5, 6.01],
			"shade": false,
			"rotation": {"angle": 0, "axis": "y", "origin": [0, -5.5, 16]},
			"faces": {
				"north": {"uv": [5, 10, 7, 16], "texture": "#2"},
				"south": {"uv": [5, 10, 6.99975, 16], "texture": "#2"}
			}
		},
		{
			"name": "body",
			"from": [11.99, -1.5, 6],
			"to": [12, 10.5, 10],
			"shade": false,
			"rotation": {"angle": 0, "axis": "y", "origin": [16, -5.5, 16]},
			"faces": {
				"east": {"uv": [8, 10, 7, 16], "texture": "#2"},
				"west": {"uv": [5, 10, 4, 16], "texture": "#2"}
			}
		},
		{
			"name": "body",
			"from": [4, -1.5, 6],
			"to": [12, -1.49, 10],
			"shade": false,
			"rotation": {"angle": 0, "axis": "y", "origin": [0, -5.5, 16]},
			"faces": {
				"up": {"uv": [8.99975, 9.999, 6.99975, 7.9995], "texture": "#2"},
				"down": {"uv": [9, 8, 7, 10], "texture": "#2"}
			}
		}
	],
	"display": {
		"thirdperson_righthand": {
			"rotation": [50, 50, 0],
			"translation": [0, 3.5, 3.5],
			"scale": [0.35, 0.35, 0.35]
		},
		"thirdperson_lefthand": {
			"rotation": [50, 50, 0],
			"translation": [0, 3.5, 3.5],
			"scale": [0.35, 0.35, 0.35]
		},
		"firstperson_righthand": {
			"rotation": [10, 115, -10],
			"translation": [2, 5, 0],
			"scale": [0.35, 0.35, 0.35]
		},
		"firstperson_lefthand": {
			"rotation": [10, 115, -10],
			"translation": [2, 5, 0],
			"scale": [0.35, 0.35, 0.35]
		},
		"ground": {
			"translation": [0, 6.5, 0],
			"scale": [0.35, 0.35, 0.35]
		},
		"gui": {
			"rotation": [20, 135, 0],
			"translation": [1, 2.25, 0],
			"scale": [0.45, 0.45, 0.45]
		},
		"head": {
			"translation": [0, 18.2, 0],
			"scale": [0.55, 0.55, 0.55]
		},
		"fixed": {
			"rotation": [-90, 0, 0],
			"translation": [0, 0, -25],
			"scale": [1.15, 1.15, 1.15]
		}
	},
	"groups": [
		{
			"name": "body",
			"shade": false,
			"origin": [0, 24, 0],
			"children": []
		},
		{
			"name": "head",
			"shade": false,
			"origin": [0, 24, 0],
			"children": []
		},
		{
			"name": "rightArm",
			"shade": false,
			"origin": [-5, 22, 0],
			"children": [0]
		},
		{
			"name": "leftArm",
			"shade": false,
			"origin": [5, 22, 0],
			"children": [1]
		},
		{
			"name": "rightLeg",
			"shade": false,
			"origin": [-2, 12, 0],
			"children": [2]
		},
		{
			"name": "leftLeg",
			"shade": false,
			"origin": [2, 12, 0],
			"children": []
		},
		{
			"name": "body",
			"shade": false,
			"origin": [0, 24, 0],
			"children": []
		},
		{
			"name": "head",
			"shade": false,
			"origin": [0, 24, 0],
			"children": []
		},
		{
			"name": "rightArm",
			"shade": false,
			"origin": [-5, 22, 0],
			"children": []
		},
		{
			"name": "leftArm",
			"shade": false,
			"origin": [5, 22, 0],
			"children": []
		},
		{
			"name": "rightLeg",
			"shade": false,
			"origin": [-1.9, 12, 0],
			"children": []
		},
		{
			"name": "leftLeg",
			"shade": false,
			"origin": [1.9, 12, 0],
			"children": []
		},
		{
			"name": "group",
			"origin": [20.4, -0.6, -17.5],
			"children": [3, 4, 5, 6, 7, 8, 9, 10, 11, 12, 13, 14, 15, 16, 17, 18, 19, 20, 21, 22, 23, 24, 25, 26, 27, 28, 29, 30, 31, 32, 33, 34, 35, 36, 37, 38, 39, 40, 41, 42, 43, 44, 45, 46, 47, 48, 49, 50, 51, 52, 53, 54, 55, 56, 57, 58, 59, 60, 61, 62, 63, 64, 65, 66, 67, 68, 69, 70, 71, 72, 73, 74, 75, 76, 77, 78, 79, 80, 81, 82, 83, 84, 85, 86, 87]
		}, 88, 89, 90, 91, 92, 93, 94, 95, 96, 97, 98]
}