{
	"credit": "Made by Vega_Senpai",
	"textures": {
		"0": "spawn_egg/polarbear"
	},
	"elements": [
		{
			"name": "head",
			"from": [4.5, 10, -13],
			"to": [11.5, 17, -6],
			"shade": false,
			"rotation": {"angle": 0, "axis": "y", "origin": [16, 8, 4]},
			"faces": {
				"north": {"uv": [1.75, 1.75, 0.875, 3.5], "texture": "#0"},
				"east": {"uv": [2.625, 1.75, 1.75, 3.5], "texture": "#0"},
				"south": {"uv": [3.5, 1.75, 2.625, 3.5], "texture": "#0"},
				"west": {"uv": [0.875, 1.75, 0, 3.5], "texture": "#0"},
				"up": {"uv": [0.875, 1.75, 1.75, 0], "texture": "#0"},
				"down": {"uv": [1.75, 0, 2.625, 1.75], "texture": "#0"}
			}
		},
		{
			"name": "head",
			"from": [5.5, 10, -16],
			"to": [10.5, 13, -13],
			"shade": false,
			"rotation": {"angle": 0, "axis": "y", "origin": [16, 8, 4]},
			"faces": {
				"north": {"uv": [1, 11.75, 0.375, 12.5], "texture": "#0"},
				"east": {"uv": [1.375, 11.75, 1, 12.5], "texture": "#0"},
				"south": {"uv": [2, 11.75, 1.375, 12.5], "texture": "#0"},
				"west": {"uv": [0.375, 11.75, 0, 12.5], "texture": "#0"},
				"up": {"uv": [0.375, 11.75, 1, 11], "texture": "#0"},
				"down": {"uv": [1, 11, 1.625, 11.75], "texture": "#0"}
			}
		},
		{
			"name": "head",
			"from": [3.5, 16, -11],
			"to": [5.5, 18, -10],
			"shade": false,
			"rotation": {"angle": 0, "axis": "y", "origin": [16, 8, 4]},
			"faces": {
				"north": {"uv": [3.625, 0.25, 3.375, 0.75], "texture": "#0"},
				"east": {"uv": [3.75, 0.25, 3.625, 0.75], "texture": "#0"},
				"south": {"uv": [4, 0.25, 3.75, 0.75], "texture": "#0"},
				"west": {"uv": [3.375, 0.25, 3.25, 0.75], "texture": "#0"},
				"up": {"uv": [3.375, 0.25, 3.625, 0], "texture": "#0"},
				"down": {"uv": [3.625, 0, 3.875, 0.25], "texture": "#0"}
			}
		},
		{
			"name": "head",
			"from": [10.5, 16, -11],
			"to": [12.5, 18, -10],
			"shade": false,
			"rotation": {"angle": 0, "axis": "y", "origin": [7, 8, 4]},
			"faces": {
				"north": {"uv": [3.375, 0.25, 3.625, 0.75], "texture": "#0"},
				"east": {"uv": [3.25, 0.25, 3.375, 0.75], "texture": "#0"},
				"south": {"uv": [3.75, 0.25, 4, 0.75], "texture": "#0"},
				"west": {"uv": [3.625, 0.25, 3.75, 0.75], "texture": "#0"},
				"up": {"uv": [3.625, 0.25, 3.375, 0], "texture": "#0"},
				"down": {"uv": [3.875, 0, 3.625, 0.25], "texture": "#0"}
			}
		},
		{
			"name": "body",
			"from": [1, 8, 6],
			"to": [15, 19, 20],
			"shade": false,
			"rotation": {"angle": 0, "axis": "x", "origin": [0, 11, 15]},
			"faces": {
				"north": {"uv": [3.125, 7.5, 1.375, 4.75], "rotation": 180, "texture": "#0"},
				"east": {"uv": [1.375, 11, 0, 7.5], "rotation": 270, "texture": "#0"},
				"south": {"uv": [4.875, 4.75, 3.125, 7.5], "texture": "#0"},
				"west": {"uv": [4.5, 11, 3.125, 7.5], "rotation": 90, "texture": "#0"},
				"up": {"uv": [4.5, 7.5, 6.25, 11], "texture": "#0"},
				"down": {"uv": [1.375, 7.5, 3.125, 11], "rotation": 180, "texture": "#0"}
			}
		},
		{
			"name": "body",
			"from": [2, 8, -6],
			"to": [14, 18, 6],
			"shade": false,
			"rotation": {"angle": 0, "axis": "x", "origin": [16, 11, 15]},
			"faces": {
				"north": {"uv": [6.125, 2.5, 7.625, 0], "rotation": 180, "texture": "#0"},
				"east": {"uv": [8.875, 2.5, 7.625, 5.5], "rotation": 90, "texture": "#0"},
				"south": {"uv": [7.625, 0, 9.125, 2.5], "texture": "#0"},
				"west": {"uv": [6.125, 2.5, 4.875, 5.5], "rotation": 270, "texture": "#0"},
				"up": {"uv": [10.375, 2.5, 8.875, 5.5], "texture": "#0"},
				"down": {"uv": [7.625, 2.5, 6.125, 5.5], "rotation": 180, "texture": "#0"}
			}
		},
		{
			"name": "leg0",
			"from": [10.5, 0, 11],
			"to": [14.5, 10, 19],
			"shade": false,
			"rotation": {"angle": 0, "axis": "y", "origin": [0, 8, 15]},
			"faces": {
				"north": {"uv": [7.25, 7.5, 7.75, 10], "texture": "#0"},
				"east": {"uv": [6.25, 7.5, 7.25, 10], "texture": "#0"},
				"south": {"uv": [8.75, 7.5, 9.25, 10], "texture": "#0"},
				"west": {"uv": [7.75, 7.5, 8.75, 10], "texture": "#0"},
				"up": {"uv": [7.75, 7.5, 7.25, 5.5], "texture": "#0"},
				"down": {"uv": [8.25, 5.5, 7.75, 7.5], "texture": "#0"}
			}
		},
		{
			"name": "leg1",
			"from": [1.5, 0, 11],
			"to": [5.5, 10, 19],
			"shade": false,
			"rotation": {"angle": 0, "axis": "y", "origin": [0, 8, 15]},
			"faces": {
				"north": {"uv": [7.25, 7.5, 7.75, 10], "texture": "#0"},
				"east": {"uv": [6.25, 7.5, 7.25, 10], "texture": "#0"},
				"south": {"uv": [8.75, 7.5, 9.25, 10], "texture": "#0"},
				"west": {"uv": [7.75, 7.5, 8.75, 10], "texture": "#0"},
				"up": {"uv": [7.75, 7.5, 7.25, 5.5], "texture": "#0"},
				"down": {"uv": [8.25, 5.5, 7.75, 7.5], "texture": "#0"}
			}
		},
		{
			"name": "leg2",
			"from": [9.5, 0, -3],
			"to": [13.5, 10, 3],
			"shade": false,
			"rotation": {"angle": 0, "axis": "y", "origin": [0, 8, 15]},
			"faces": {
				"north": {"uv": [7, 11.5, 7.5, 14], "texture": "#0"},
				"east": {"uv": [6.25, 11.5, 7, 14], "texture": "#0"},
				"south": {"uv": [8.25, 11.5, 8.75, 14], "texture": "#0"},
				"west": {"uv": [7.5, 11.5, 8.25, 14], "texture": "#0"},
				"up": {"uv": [7.5, 11.5, 7, 10], "texture": "#0"},
				"down": {"uv": [8, 10, 7.5, 11.5], "texture": "#0"}
			}
		},
		{
			"name": "leg3",
			"from": [2.5, 0, -3],
			"to": [6.5, 10, 3],
			"shade": false,
			"rotation": {"angle": 0, "axis": "y", "origin": [0, 8, 15]},
			"faces": {
				"north": {"uv": [7, 11.5, 7.5, 14], "texture": "#0"},
				"east": {"uv": [6.25, 11.5, 7, 14], "texture": "#0"},
				"south": {"uv": [8.25, 11.5, 8.75, 14], "texture": "#0"},
				"west": {"uv": [7.5, 11.5, 8.25, 14], "texture": "#0"},
				"up": {"uv": [7.5, 11.5, 7, 10], "texture": "#0"},
				"down": {"uv": [8, 10, 7.5, 11.5], "texture": "#0"}
			}
		}
	],
	"display": {
		"thirdperson_righthand": {
			"rotation": [50, 50, 0],
			"translation": [-1.25, 1, -2.75],
			"scale": [0.3, 0.3, 0.3]
		},
		"thirdperson_lefthand": {
			"rotation": [50, 50, 0],
			"translation": [-1.25, 1, -2.75],
			"scale": [0.3, 0.3, 0.3]
		},
		"firstperson_righthand": {
			"rotation": [10, 115, -10],
			"translation": [1.25, 3, 0],
			"scale": [0.3, 0.3, 0.3]
		},
		"firstperson_lefthand": {
			"rotation": [10, 115, -10],
			"translation": [1.25, 3, 0],
			"scale": [0.3, 0.3, 0.3]
		},
		"ground": {
			"translation": [0, 2, 0],
			"scale": [0.3, 0.3, 0.3]
		},
		"gui": {
			"rotation": [25, 135, 0],
			"translation": [1, -1, 0],
			"scale": [0.45, 0.45, 0.45]
		},
		"head": {
			"translation": [0, 10.4, 0],
			"scale": [0.5, 0.5, 0.5]
		},
		"fixed": {
			"rotation": [-90, 0, 0],
			"translation": [0, 0, -8]
		}
	},
	"groups": [
		{
			"name": "head",
			"shade": false,
			"origin": [0, 14, -16],
			"children": [0, 1, 2, 3]
		},
		{
			"name": "body",
			"shade": false,
			"origin": [-2, 15, 12],
			"children": [4, 5]
		},
		{
			"name": "leg0",
			"shade": false,
			"origin": [-4.5, 10, 6],
			"children": [6]
		},
		{
			"name": "leg1",
			"shade": false,
			"origin": [4.5, 10, 6],
			"children": [7]
		},
		{
			"name": "leg2",
			"shade": false,
			"origin": [-3.5, 10, -8],
			"children": [8]
		},
		{
			"name": "leg3",
			"shade": false,
			"origin": [3.5, 10, -8],
			"children": [9]
		}
	]
}