{
	"credit": "Made by Vega_Senpai",
	"textures": {
		"0": "spawn_egg/spider"
	},
	"elements": [
		{
			"name": "head",
			"from": [5, 1, -2],
			"to": [13, 9, 6],
			"shade": false,
			"rotation": {"angle": 0, "axis": "y", "origin": [1, 4, 16]},
			"faces": {
				"north": {"uv": [10, 6, 12, 10], "texture": "#0"},
				"east": {"uv": [8, 6, 10, 10], "texture": "#0"},
				"south": {"uv": [14, 6, 16, 10], "texture": "#0"},
				"west": {"uv": [12, 6, 14, 10], "texture": "#0"},
				"up": {"uv": [12, 6, 10, 2], "texture": "#0"},
				"down": {"uv": [14, 2, 12, 6], "texture": "#0"}
			}
		},
		{
			"name": "body0",
			"from": [6, 2, 6],
			"to": [12, 8, 12],
			"shade": false,
			"rotation": {"angle": 0, "axis": "y", "origin": [1, 4, 16]},
			"faces": {
				"north": {"uv": [1.5, 3, 3, 6], "texture": "#0"},
				"east": {"uv": [0, 3, 1.5, 6], "texture": "#0"},
				"south": {"uv": [4.5, 3, 6, 6], "texture": "#0"},
				"west": {"uv": [3, 3, 4.5, 6], "texture": "#0"},
				"up": {"uv": [3, 3, 1.5, 0], "texture": "#0"},
				"down": {"uv": [4.5, 0, 3, 3], "texture": "#0"}
			}
		},
		{
			"name": "body1",
			"from": [4, 1, 12],
			"to": [14, 9, 24],
			"shade": false,
			"rotation": {"angle": 0, "axis": "y", "origin": [1, 4, 16]},
			"faces": {
				"north": {"uv": [3, 12, 5.5, 16], "texture": "#0"},
				"east": {"uv": [0, 12, 3, 16], "texture": "#0"},
				"south": {"uv": [8.5, 12, 11, 16], "texture": "#0"},
				"west": {"uv": [5.5, 12, 8.5, 16], "texture": "#0"},
				"up": {"uv": [5.5, 12, 3, 6], "texture": "#0"},
				"down": {"uv": [8, 6, 5.5, 12], "texture": "#0"}
			}
		},
		{
			"name": "leg1",
			"from": [6, 1, 11],
			"to": [22, 3, 13],
			"shade": false,
			"rotation": {"angle": -45, "axis": "y", "origin": [11, 1, 17]},
			"faces": {
				"north": {"uv": [9, 1, 5, 2], "texture": "#0"},
				"east": {"uv": [9.5, 1, 9, 2], "texture": "#0"},
				"south": {"uv": [13.5, 1, 9.5, 2], "texture": "#0"},
				"west": {"uv": [5, 1, 4.5, 2], "texture": "#0"},
				"up": {"uv": [5, 1, 9, 0], "texture": "#0"},
				"down": {"uv": [9, 0, 13, 1], "texture": "#0"}
			}
		},
		{
			"name": "leg2",
			"from": [-4, 1, 11],
			"to": [12, 3, 13],
			"rotation": {"angle": 45, "axis": "y", "origin": [7, 1, 17]},
			"faces": {
				"north": {"uv": [5, 1, 9, 2], "texture": "#0"},
				"east": {"uv": [4.5, 1, 5, 2], "texture": "#0"},
				"south": {"uv": [9.5, 1, 13.5, 2], "texture": "#0"},
				"west": {"uv": [9, 1, 9.5, 2], "texture": "#0"},
				"up": {"uv": [9, 1, 5, 0], "texture": "#0"},
				"down": {"uv": [13, 0, 9, 1], "texture": "#0"}
			}
		},
		{
			"name": "leg3",
			"from": [9, 1, 9],
			"to": [25, 3, 11],
			"shade": false,
			"rotation": {"angle": -22.5, "axis": "y", "origin": [14, 1, 16]},
			"faces": {
				"north": {"uv": [9, 1, 5, 2], "texture": "#0"},
				"east": {"uv": [9.5, 1, 9, 2], "texture": "#0"},
				"south": {"uv": [13.5, 1, 9.5, 2], "texture": "#0"},
				"west": {"uv": [5, 1, 4.5, 2], "texture": "#0"},
				"up": {"uv": [5, 1, 9, 0], "texture": "#0"},
				"down": {"uv": [9, 0, 13, 1], "texture": "#0"}
			}
		},
		{
			"name": "leg4",
			"from": [-7, 1, 9],
			"to": [9, 3, 11],
			"rotation": {"angle": 22.5, "axis": "y", "origin": [4, 1, 16]},
			"faces": {
				"north": {"uv": [5, 1, 9, 2], "texture": "#0"},
				"east": {"uv": [4.5, 1, 5, 2], "texture": "#0"},
				"south": {"uv": [9.5, 1, 13.5, 2], "texture": "#0"},
				"west": {"uv": [9, 1, 9.5, 2], "texture": "#0"},
				"up": {"uv": [9, 1, 5, 0], "texture": "#0"},
				"down": {"uv": [13, 0, 9, 1], "texture": "#0"}
			}
		},
		{
			"name": "leg5",
			"from": [14, 1, 5],
			"to": [30, 3, 7],
			"shade": false,
			"rotation": {"angle": 22.5, "axis": "y", "origin": [19, 1, 13]},
			"faces": {
				"north": {"uv": [9, 1, 5, 2], "texture": "#0"},
				"east": {"uv": [9.5, 1, 9, 2], "texture": "#0"},
				"south": {"uv": [13.5, 1, 9.5, 2], "texture": "#0"},
				"west": {"uv": [5, 1, 4.5, 2], "texture": "#0"},
				"up": {"uv": [5, 1, 9, 0], "texture": "#0"},
				"down": {"uv": [9, 0, 13, 1], "texture": "#0"}
			}
		},
		{
			"name": "leg6",
			"from": [-12, 1, 5],
			"to": [4, 3, 7],
			"rotation": {"angle": -22.5, "axis": "y", "origin": [-1, 1, 13]},
			"faces": {
				"north": {"uv": [5, 1, 9, 2], "texture": "#0"},
				"east": {"uv": [4.5, 1, 5, 2], "texture": "#0"},
				"south": {"uv": [9.5, 1, 13.5, 2], "texture": "#0"},
				"west": {"uv": [9, 1, 9.5, 2], "texture": "#0"},
				"up": {"uv": [9, 1, 5, 0], "texture": "#0"},
				"down": {"uv": [13, 0, 9, 1], "texture": "#0"}
			}
		},
		{
			"name": "leg7",
			"from": [15, 1, 1],
			"to": [31, 3, 3],
			"shade": false,
			"rotation": {"angle": 45, "axis": "y", "origin": [20, 1, 10]},
			"faces": {
				"north": {"uv": [9, 1, 5, 2], "texture": "#0"},
				"east": {"uv": [9.5, 1, 9, 2], "texture": "#0"},
				"south": {"uv": [13.5, 1, 9.5, 2], "texture": "#0"},
				"west": {"uv": [5, 1, 4.5, 2], "texture": "#0"},
				"up": {"uv": [5, 1, 9, 0], "texture": "#0"},
				"down": {"uv": [9, 0, 13, 1], "texture": "#0"}
			}
		},
		{
			"name": "leg8",
			"from": [-13, 1, 1],
			"to": [3, 3, 3],
			"rotation": {"angle": -45, "axis": "y", "origin": [-2, 1, 10]},
			"faces": {
				"north": {"uv": [5, 1, 9, 2], "texture": "#0"},
				"east": {"uv": [4.5, 1, 5, 2], "texture": "#0"},
				"south": {"uv": [9.5, 1, 13.5, 2], "texture": "#0"},
				"west": {"uv": [9, 1, 9.5, 2], "texture": "#0"},
				"up": {"uv": [9, 1, 5, 0], "texture": "#0"},
				"down": {"uv": [13, 0, 9, 1], "texture": "#0"}
			}
		}
	],
	"display": {
		"thirdperson_righthand": {
			"rotation": [50, 38, 0],
			"translation": [-3, 3, -1.5],
			"scale": [0.3, 0.3, 0.3]
		},
		"thirdperson_lefthand": {
			"rotation": [50, 38, 0],
			"translation": [-3, 3, -1.5],
			"scale": [0.3, 0.3, 0.3]
		},
		"firstperson_righthand": {
			"rotation": [5, 120, -20],
			"translation": [1.25, 4, 0],
			"scale": [0.3, 0.3, 0.3]
		},
		"firstperson_lefthand": {
			"rotation": [5, 120, -20],
			"translation": [1.25, 4, 0],
			"scale": [0.3, 0.3, 0.3]
		},
		"ground": {
			"translation": [0, 2, 0],
			"scale": [0.3, 0.3, 0.3]
		},
		"gui": {
			"rotation": [40, 135, 0],
			"translation": [0, 0.5, 0],
			"scale": [0.44, 0.44, 0.44]
		},
		"head": {
			"translation": [0, 9.9, -1],
			"scale": [0.5, 0.5, 0.5]
		},
		"fixed": {
			"rotation": [-90, 0, 0],
			"translation": [0, -3, -7]
		}
	},
	"groups": [
		{
			"name": "head",
			"shade": false,
			"origin": [0, 9, -3],
			"children": [0]
		},
		{
			"name": "body0",
			"shade": false,
			"origin": [0, 9, 0],
			"children": [1]
		},
		{
			"name": "body1",
			"shade": false,
			"origin": [0, 9, 9],
			"children": [2]
		},
		{
			"name": "leg0",
			"shade": false,
			"origin": [-4, 9, 2],
			"children": []
		},
		{
			"name": "leg1",
			"shade": false,
			"origin": [4, 9, 2],
			"children": [3, 4]
		},
		{
			"name": "leg2",
			"shade": false,
			"origin": [-4, 9, 1],
			"children": []
		},
		{
			"name": "leg3",
			"shade": false,
			"origin": [4, 9, 1],
			"children": [5, 6]
		},
		{
			"name": "leg4",
			"shade": false,
			"origin": [-4, 9, 0],
			"children": []
		},
		{
			"name": "leg5",
			"shade": false,
			"origin": [4, 9, 0],
			"children": [7, 8]
		},
		{
			"name": "leg6",
			"shade": false,
			"origin": [-4, 9, -1],
			"children": []
		},
		{
			"name": "leg7",
			"shade": false,
			"origin": [4, 9, -1],
			"children": [9, 10]
		}
	]
}