{
	"credit": "Made by Vega_Senpai",
	"textures": {
		"0": "spawn_egg/tropical_a",
		"1": "spawn_egg/tropical_a_pattern_1"
	},
	"elements": [
		{
			"name": "body",
			"from": [7, 0, 5],
			"to": [9, 3, 11],
			"shade": false,
			"rotation": {"angle": 0, "axis": "y", "origin": [16, 8, 16]},
			"faces": {
				"north": {"uv": [4, 3, 3, 4.5], "texture": "#0", "tintindex": 0},
				"east": {"uv": [7, 3, 4, 4.5], "texture": "#0", "tintindex": 0},
				"south": {"uv": [8, 3, 7, 4.5], "texture": "#0", "tintindex": 0},
				"west": {"uv": [3, 3, 0, 4.5], "texture": "#0", "tintindex": 0},
				"up": {"uv": [3, 3, 4, 0], "texture": "#0", "tintindex": 0},
				"down": {"uv": [4, 0, 5, 3], "texture": "#0", "tintindex": 0}
			}
		},
		{
			"name": "body",
			"from": [7, 0, 5],
			"to": [9, 3, 11],
			"shade": false,
			"rotation": {"angle": 0, "axis": "y", "origin": [16, 8, 16]},
			"faces": {
				"north": {"uv": [4, 3, 3, 4.5], "texture": "#1"},
				"east": {"uv": [7, 3, 4, 4.5], "texture": "#1"},
				"south": {"uv": [8, 3, 7, 4.5], "texture": "#1"},
				"west": {"uv": [3, 3, 0, 4.5], "texture": "#1"},
				"up": {"uv": [3, 3, 4, 0], "texture": "#1"},
				"down": {"uv": [4, 0, 5, 3], "texture": "#1"}
			}
		},
		{
			"name": "body",
			"from": [8, 3, 5],
			"to": [8.01, 7, 11],
			"rotation": {"angle": 0, "axis": "y", "origin": [0, 8, 16]},
			"faces": {
				"east": {"uv": [11, 0, 8, 2], "texture": "#0", "tintindex": 0},
				"west": {"uv": [8, 0, 11, 2], "texture": "#0", "tintindex": 0}
			}
		},
		{
			"name": "tailfin",
			"from": [8, 0.01, 10],
			"to": [8.01, 3.01, 14],
			"rotation": {"angle": 0, "axis": "y", "origin": [0, 8, 15]},
			"faces": {
				"east": {"uv": [15.5, 0, 13.5, 1.5], "texture": "#0", "tintindex": 0},
				"west": {"uv": [13.5, 0, 15.5, 1.5], "texture": "#0", "tintindex": 0}
			}
		},
		{
			"name": "tailfin",
			"from": [8, 0.01, 10],
			"to": [8.01, 3.01, 14],
			"rotation": {"angle": 0, "axis": "y", "origin": [0, 8, 15]},
			"faces": {
				"east": {"uv": [15.5, 0, 13.5, 1.5], "texture": "#1"},
				"west": {"uv": [13.5, 0, 15.5, 1.5], "texture": "#1"}
			}
		},
		{
			"name": "rightFin",
			"from": [3.14977, 0, 6.14158],
			"to": [5.14977, 2, 6.15158],
			"shade": false,
			"rotation": {"angle": 45, "axis": "y", "origin": [8.3182, 9, 4.83737]},
			"faces": {
				"north": {"uv": [2, 8, 1, 9], "texture": "#0", "tintindex": 0},
				"south": {"uv": [1, 8, 2, 9], "texture": "#0", "tintindex": 0}
			}
		},
		{
			"name": "rightFin",
			"from": [10.85023, 0, 6.14158],
			"to": [12.85023, 2, 6.15158],
			"shade": false,
			"rotation": {"angle": -45, "axis": "y", "origin": [7.6818, 9, 4.83737]},
			"faces": {
				"north": {"uv": [1, 8, 2, 9], "texture": "#0", "tintindex": 0},
				"south": {"uv": [2, 8, 1, 9], "texture": "#0", "tintindex": 0}
			}
		},
		{
			"name": "rightFin",
			"from": [3.14977, 0, 6.14158],
			"to": [5.14977, 2, 6.15158],
			"shade": false,
			"rotation": {"angle": 45, "axis": "y", "origin": [8.3182, 9, 4.83737]},
			"faces": {
				"north": {"uv": [2, 8, 1, 9], "texture": "#1"}
			}
		},
		{
			"name": "rightFin",
			"from": [10.85023, 0, 6.14158],
			"to": [12.85023, 2, 6.15158],
			"shade": false,
			"rotation": {"angle": -45, "axis": "y", "origin": [7.6818, 9, 4.83737]},
			"faces": {
				"north": {"uv": [1, 8, 2, 9], "texture": "#1"}
			}
		}
	],
	"display": {
		"thirdperson_righthand": {
			"rotation": [50, 50, 0],
			"translation": [-0.75, 2.5, 2],
			"scale": [0.5, 0.5, 0.5]
		},
		"thirdperson_lefthand": {
			"rotation": [50, 50, 0],
			"translation": [-0.75, 2.5, 2],
			"scale": [0.5, 0.5, 0.5]
		},
		"firstperson_righthand": {
			"rotation": [10, 105, -10],
			"translation": [2.75, 7.25, 0],
			"scale": [0.8, 0.8, 0.8]
		},
		"firstperson_lefthand": {
			"rotation": [10, 105, -10],
			"translation": [2.75, 7.25, 0],
			"scale": [0.8, 0.8, 0.8]
		},
		"ground": {
			"rotation": [0, 0, 90],
			"translation": [-3, 1, 0],
			"scale": [0.5, 0.5, 0.5]
		},
		"gui": {
			"rotation": [25, 135, 0],
			"translation": [-1.5, 10.5, 0],
			"scale": [2, 2, 2]
		},
		"head": {
			"translation": [0, 13, 0],
			"scale": [0.5, 0.5, 0.5]
		},
		"fixed": {
			"rotation": [-90, 0, 0],
			"translation": [0, 0, -15]
		}
	},
	"groups": [
		{
			"name": "body",
			"shade": false,
			"origin": [-0.5, 0, 0],
			"children": [0, 1, 2]
		},
		{
			"name": "tailfin",
			"shade": false,
			"origin": [0, 0, 3],
			"children": [3, 4]
		},
		{
			"name": "leftFin",
			"shade": false,
			"origin": [0.5, 0, 1],
			"rotation": [0, -35, 0],
			"children": []
		},
		{
			"name": "rightFin",
			"shade": false,
			"origin": [-0.5, 0, 1],
			"rotation": [0, 35, 0],
			"children": [5, 6]
		},
		{
			"name": "rightFin",
			"shade": false,
			"origin": [-0.5, 0, 1],
			"rotation": [0, 35, 0],
			"children": [7, 8]
		}
	]
}