{
	"credit": "Made by Vega_Senpai",
	"textures": {
		"0": "spawn_egg/piglin_brute",
		"1": "spawn_egg/golden_axe"
	},
	"elements": [
		{
			"name": "body",
			"from": [3.9, 3.9, 7.9],
			"to": [12.1, 16.1, 12.1],
			"shade": false,
			"rotation": {"angle": 0, "axis": "y", "origin": [16, 0, 18]},
			"faces": {
				"north": {"uv": [5, 5, 7, 8], "texture": "#0"},
				"east": {"uv": [4, 5, 5, 8], "texture": "#0"},
				"south": {"uv": [8, 5, 10, 8], "texture": "#0"},
				"west": {"uv": [7, 5, 8, 8], "texture": "#0"},
				"up": {"uv": [5, 5, 7, 4], "texture": "#0"},
				"down": {"uv": [7, 4, 9, 5], "texture": "#0"}
			}
		},
		{
			"name": "body",
			"from": [3.7, 3.7, 7.7],
			"to": [12.3, 16.3, 12.3],
			"shade": false,
			"rotation": {"angle": 0, "axis": "y", "origin": [16, 0, 18]},
			"faces": {
				"north": {"uv": [5, 9, 7, 12], "texture": "#0"},
				"east": {"uv": [4, 9, 5, 12], "texture": "#0"},
				"south": {"uv": [8, 9, 10, 12], "texture": "#0"},
				"west": {"uv": [7, 9, 8, 12], "texture": "#0"},
				"up": {"uv": [5, 9, 7, 8], "texture": "#0"},
				"down": {"uv": [7, 8, 9, 9], "texture": "#0"}
			}
		},
		{
			"from": [5, 16, 5],
			"to": [6, 18, 6],
			"rotation": {"angle": 0, "axis": "y", "origin": [13, 24, 13]},
			"faces": {
				"north": {"uv": [0.75, 0.25, 1, 0.75], "texture": "#0"},
				"east": {"uv": [1, 0.25, 1.25, 0.75], "texture": "#0"},
				"south": {"uv": [0.5, 0.25, 0.75, 0.75], "texture": "#0"},
				"west": {"uv": [1, 0.25, 1.25, 0.75], "texture": "#0"},
				"up": {"uv": [1, 0, 1.25, 0.25], "texture": "#0"},
				"down": {"uv": [0.75, 0, 1, 0.25], "texture": "#0"}
			}
		},
		{
			"from": [10, 16, 5],
			"to": [11, 18, 6],
			"rotation": {"angle": 0, "axis": "y", "origin": [18, 24, 13]},
			"faces": {
				"north": {"uv": [0.75, 0.25, 1, 0.75], "texture": "#0"},
				"east": {"uv": [1, 0.25, 1.25, 0.75], "texture": "#0"},
				"south": {"uv": [0.5, 0.25, 0.75, 0.75], "texture": "#0"},
				"west": {"uv": [1, 0.25, 1.25, 0.75], "texture": "#0"},
				"up": {"uv": [1, 0, 1.25, 0.25], "texture": "#0"},
				"down": {"uv": [0.75, 0, 1, 0.25], "texture": "#0"}
			}
		},
		{
			"name": "head",
			"from": [3, 16, 6],
			"to": [13, 24, 14],
			"shade": false,
			"rotation": {"angle": 0, "axis": "y", "origin": [0, 0, 18]},
			"faces": {
				"north": {"uv": [2, 2, 4.5, 4], "texture": "#0"},
				"east": {"uv": [0, 2, 2, 4], "texture": "#0"},
				"south": {"uv": [6.5, 2, 9, 4], "texture": "#0"},
				"west": {"uv": [4.5, 2, 6.5, 4], "texture": "#0"},
				"up": {"uv": [4.5, 2, 2, 0], "texture": "#0"},
				"down": {"uv": [7, 0, 4.5, 2], "texture": "#0"}
			}
		},
		{
			"from": [6, 16, 5],
			"to": [10, 20, 6],
			"rotation": {"angle": 0, "axis": "y", "origin": [17, 24, 13]},
			"faces": {
				"north": {"uv": [8, 0.5, 9, 1.5], "texture": "#0"},
				"east": {"uv": [7.75, 0.5, 8, 1.5], "texture": "#0"},
				"south": {"uv": [9.25, 0.5, 10.25, 1.5], "texture": "#0"},
				"west": {"uv": [9, 0.5, 9.25, 1.5], "texture": "#0"},
				"up": {"uv": [8, 0.25, 9, 0.5], "texture": "#0"},
				"down": {"uv": [9, 0.25, 10, 0.5], "texture": "#0"}
			}
		},
		{
			"name": "rightArm",
			"from": [0, 4, 8],
			"to": [4, 16, 12],
			"shade": false,
			"rotation": {"angle": 0, "axis": "x", "origin": [-12, 0, 18]},
			"faces": {
				"north": {"uv": [9, 13, 10, 16], "texture": "#0"},
				"east": {"uv": [8, 13, 9, 16], "texture": "#0"},
				"south": {"uv": [11, 13, 12, 16], "texture": "#0"},
				"west": {"uv": [10, 13, 11, 16], "texture": "#0"},
				"up": {"uv": [10, 13, 9, 12], "texture": "#0"},
				"down": {"uv": [11, 12, 10, 13], "texture": "#0"}
			}
		},
		{
			"name": "leftArm",
			"from": [12, 4, 8],
			"to": [16, 16, 12],
			"rotation": {"angle": 0, "axis": "x", "origin": [16, 0, 18]},
			"faces": {
				"north": {"uv": [11, 5, 12, 8], "texture": "#0"},
				"east": {"uv": [10, 5, 11, 8], "texture": "#0"},
				"south": {"uv": [13, 5, 14, 8], "texture": "#0"},
				"west": {"uv": [12, 5, 13, 8], "texture": "#0"},
				"up": {"uv": [12, 5, 11, 4], "texture": "#0"},
				"down": {"uv": [13, 4, 12, 5], "texture": "#0"}
			}
		},
		{
			"name": "leftLeg",
			"from": [4, -8, 8],
			"to": [8, 4, 12],
			"rotation": {"angle": 0, "axis": "y", "origin": [12, 0, 18]},
			"faces": {
				"north": {"uv": [5, 13, 6, 16], "texture": "#0"},
				"east": {"uv": [4, 13, 5, 16], "texture": "#0"},
				"south": {"uv": [7, 13, 8, 16], "texture": "#0"},
				"west": {"uv": [6, 13, 7, 16], "texture": "#0"},
				"up": {"uv": [6, 13, 5, 12], "texture": "#0"},
				"down": {"uv": [7, 12, 6, 13], "texture": "#0"}
			}
		},
		{
			"name": "leftLeg",
			"from": [3.8, -8.2, 7.8],
			"to": [8.2, 4.2, 12.2],
			"rotation": {"angle": 0, "axis": "y", "origin": [12, 0, 18]},
			"faces": {
				"north": {"uv": [1, 13, 2, 16], "texture": "#0"},
				"east": {"uv": [0, 13, 1, 16], "texture": "#0"},
				"south": {"uv": [3, 13, 4, 16], "texture": "#0"},
				"west": {"uv": [2, 13, 3, 16], "texture": "#0"},
				"up": {"uv": [2, 13, 1, 12], "texture": "#0"},
				"down": {"uv": [3, 8, 2, 9], "texture": "#0"}
			}
		},
		{
			"name": "leftLeg",
			"from": [8, -8, 8],
			"to": [12, 4, 12],
			"rotation": {"angle": 0, "axis": "y", "origin": [16, 0, 18]},
			"faces": {
				"north": {"uv": [1, 5, 2, 8], "texture": "#0"},
				"east": {"uv": [0, 5, 1, 8], "texture": "#0"},
				"south": {"uv": [3, 5, 4, 8], "texture": "#0"},
				"west": {"uv": [2, 5, 3, 8], "texture": "#0"},
				"up": {"uv": [2, 5, 1, 4], "texture": "#0"},
				"down": {"uv": [3, 4, 2, 5], "texture": "#0"}
			}
		},
		{
			"name": "leftLeg",
			"from": [7.8, -8.2, 7.8],
			"to": [12.2, 4.2, 12.2],
			"rotation": {"angle": 0, "axis": "y", "origin": [16, 0, 18]},
			"faces": {
				"north": {"uv": [1, 9, 2, 12], "texture": "#0"},
				"east": {"uv": [0, 9, 1, 12], "texture": "#0"},
				"south": {"uv": [3, 9, 4, 12], "texture": "#0"},
				"west": {"uv": [2, 9, 3, 12], "texture": "#0"},
				"up": {"uv": [2, 9, 1, 8], "texture": "#0"},
				"down": {"uv": [3, 8, 2, 9], "texture": "#0"}
			}
		},
		{
			"from": [3.25, 14, 8],
			"to": [4.25, 19, 12],
			"rotation": {"angle": -22.5, "axis": "z", "origin": [11.25, 22, 16]},
			"faces": {
				"north": {"uv": [13.75, 2.5, 14, 3.75], "texture": "#0"},
				"east": {"uv": [13.75, 2.5, 12.75, 3.75], "texture": "#0"},
				"south": {"uv": [15, 2.5, 15.25, 3.75], "texture": "#0"},
				"west": {"uv": [14, 2.5, 15, 3.75], "texture": "#0"},
				"up": {"uv": [13.75, 1.5, 14, 2.5], "texture": "#0"},
				"down": {"uv": [14, 1.5, 14.25, 2.5], "texture": "#0"}
			}
		},
		{
			"from": [11.75, 14, 8],
			"to": [12.75, 19, 12],
			"rotation": {"angle": 22.5, "axis": "z", "origin": [4.75, 22, 4]},
			"faces": {
				"north": {"uv": [10.75, 2.5, 11, 3.75], "texture": "#0"},
				"east": {"uv": [9.75, 2.5, 10.75, 3.75], "texture": "#0"},
				"south": {"uv": [12, 2.5, 12.25, 3.75], "texture": "#0"},
				"west": {"uv": [12, 2.5, 11, 3.75], "texture": "#0"},
				"up": {"uv": [10.75, 1.5, 11, 2.5], "rotation": 180, "texture": "#0"},
				"down": {"uv": [11, 1.5, 11.25, 2.5], "rotation": 180, "texture": "#0"}
			}
		},
		{
			"from": [13.6, 11.9136, 3.76432],
			"to": [14.5, 12.8136, 4.66432],
			"rotation": {"angle": 45, "axis": "x", "origin": [21.6, 5.7136, -3.33568]},
			"faces": {
				"north": {"uv": [5, 10, 6, 11], "rotation": 180, "texture": "#1"},
				"east": {"uv": [5, 10, 6, 11], "texture": "#1"},
				"south": {"uv": [5, 10, 6, 11], "rotation": 180, "texture": "#1"},
				"west": {"uv": [5, 10, 6, 11], "texture": "#1"},
				"up": {"uv": [5, 10, 6, 11], "rotation": 180, "texture": "#1"},
				"down": {"uv": [5, 10, 6, 11], "rotation": 180, "texture": "#1"}
			}
		},
		{
			"from": [13.6, 11.9136, 5.03711],
			"to": [14.5, 12.8136, 5.93711],
			"rotation": {"angle": 45, "axis": "x", "origin": [21.6, 5.7136, -2.06289]},
			"faces": {
				"north": {"uv": [4, 11, 5, 12], "rotation": 180, "texture": "#1"},
				"east": {"uv": [4, 11, 5, 12], "texture": "#1"},
				"south": {"uv": [4, 11, 5, 12], "rotation": 180, "texture": "#1"},
				"west": {"uv": [4, 11, 5, 12], "texture": "#1"},
				"up": {"uv": [4, 11, 5, 12], "rotation": 180, "texture": "#1"},
				"down": {"uv": [4, 11, 5, 12], "rotation": 180, "texture": "#1"}
			}
		},
		{
			"from": [13.6, 13.1864, 5.03711],
			"to": [14.5, 14.0864, 5.93711],
			"rotation": {"angle": 45, "axis": "x", "origin": [21.6, 6.9864, -2.06289]},
			"faces": {
				"north": {"uv": [5, 12, 6, 13], "rotation": 180, "texture": "#1"},
				"east": {"uv": [5, 12, 6, 13], "texture": "#1"},
				"south": {"uv": [5, 12, 6, 13], "rotation": 180, "texture": "#1"},
				"west": {"uv": [5, 12, 6, 13], "texture": "#1"},
				"up": {"uv": [5, 12, 6, 13], "rotation": 180, "texture": "#1"},
				"down": {"uv": [5, 12, 6, 13], "rotation": 180, "texture": "#1"}
			}
		},
		{
			"from": [13.6, 13.1864, 6.3099],
			"to": [14.5, 14.0864, 7.2099],
			"rotation": {"angle": 45, "axis": "x", "origin": [21.6, 6.9864, -0.7901]},
			"faces": {
				"north": {"uv": [4, 13, 5, 14], "rotation": 180, "texture": "#1"},
				"east": {"uv": [4, 13, 5, 14], "texture": "#1"},
				"south": {"uv": [4, 13, 5, 14], "rotation": 180, "texture": "#1"},
				"west": {"uv": [4, 13, 5, 14], "texture": "#1"},
				"up": {"uv": [4, 13, 5, 14], "rotation": 180, "texture": "#1"},
				"down": {"uv": [4, 13, 5, 14], "rotation": 180, "texture": "#1"}
			}
		},
		{
			"from": [13.6, 12.55, 6.9463],
			"to": [14.5, 13.45, 7.8463],
			"rotation": {"angle": 45, "axis": "x", "origin": [21.6, 6.35, -0.1537]},
			"faces": {
				"north": {"uv": [3, 13, 4, 14], "rotation": 180, "texture": "#1"},
				"east": {"uv": [3, 13, 4, 14], "texture": "#1"},
				"south": {"uv": [3, 13, 4, 14], "rotation": 180, "texture": "#1"},
				"west": {"uv": [3, 13, 4, 14], "texture": "#1"},
				"up": {"uv": [3, 13, 4, 14], "rotation": 180, "texture": "#1"},
				"down": {"uv": [3, 13, 4, 14], "rotation": 180, "texture": "#1"}
			}
		},
		{
			"from": [13.6, 12.55, 8.21909],
			"to": [14.5, 13.45, 9.11909],
			"rotation": {"angle": 45, "axis": "x", "origin": [21.6, 6.35, 1.11909]},
			"faces": {
				"north": {"uv": [2, 14, 3, 15], "rotation": 180, "texture": "#1"},
				"east": {"uv": [2, 14, 3, 15], "texture": "#1"},
				"south": {"uv": [2, 14, 3, 15], "rotation": 180, "texture": "#1"},
				"west": {"uv": [2, 14, 3, 15], "texture": "#1"},
				"up": {"uv": [2, 14, 3, 15], "rotation": 180, "texture": "#1"},
				"down": {"uv": [2, 14, 3, 15], "rotation": 180, "texture": "#1"}
			}
		},
		{
			"from": [13.6, 13.1864, 7.58269],
			"to": [14.5, 14.0864, 8.48269],
			"rotation": {"angle": 45, "axis": "x", "origin": [21.6, 6.9864, 0.48269]},
			"faces": {
				"north": {"uv": [3, 14, 4, 15], "rotation": 180, "texture": "#1"},
				"east": {"uv": [3, 14, 4, 15], "texture": "#1"},
				"south": {"uv": [3, 14, 4, 15], "rotation": 180, "texture": "#1"},
				"west": {"uv": [3, 14, 4, 15], "texture": "#1"},
				"up": {"uv": [3, 14, 4, 15], "rotation": 180, "texture": "#1"},
				"down": {"uv": [3, 14, 4, 15], "rotation": 180, "texture": "#1"}
			}
		},
		{
			"from": [13.6, 11.9136, 7.58269],
			"to": [14.5, 12.8136, 8.48269],
			"rotation": {"angle": 45, "axis": "x", "origin": [21.6, 5.7136, 0.48269]},
			"faces": {
				"north": {"uv": [2, 13, 3, 14], "rotation": 180, "texture": "#1"},
				"east": {"uv": [2, 13, 3, 14], "texture": "#1"},
				"south": {"uv": [2, 13, 3, 14], "rotation": 180, "texture": "#1"},
				"west": {"uv": [2, 13, 3, 14], "texture": "#1"},
				"up": {"uv": [2, 13, 3, 14], "rotation": 180, "texture": "#1"},
				"down": {"uv": [2, 13, 3, 14], "rotation": 180, "texture": "#1"}
			}
		},
		{
			"from": [13.6, 12.55, 5.67351],
			"to": [14.5, 13.45, 6.57351],
			"rotation": {"angle": 45, "axis": "x", "origin": [21.6, 6.35, -1.42649]},
			"faces": {
				"north": {"uv": [4, 12, 5, 13], "rotation": 180, "texture": "#1"},
				"east": {"uv": [4, 12, 5, 13], "texture": "#1"},
				"south": {"uv": [4, 12, 5, 13], "rotation": 180, "texture": "#1"},
				"west": {"uv": [4, 12, 5, 13], "texture": "#1"},
				"up": {"uv": [4, 12, 5, 13], "rotation": 180, "texture": "#1"},
				"down": {"uv": [4, 12, 5, 13], "rotation": 180, "texture": "#1"}
			}
		},
		{
			"from": [13.6, 12.55, 4.40071],
			"to": [14.5, 13.45, 5.30071],
			"rotation": {"angle": 45, "axis": "x", "origin": [21.6, 6.35, -2.69929]},
			"faces": {
				"north": {"uv": [5, 11, 6, 12], "rotation": 180, "texture": "#1"},
				"east": {"uv": [5, 11, 6, 12], "texture": "#1"},
				"south": {"uv": [5, 11, 6, 12], "rotation": 180, "texture": "#1"},
				"west": {"uv": [5, 11, 6, 12], "texture": "#1"},
				"up": {"uv": [5, 11, 6, 12], "rotation": 180, "texture": "#1"},
				"down": {"uv": [5, 11, 6, 12], "rotation": 180, "texture": "#1"}
			}
		},
		{
			"from": [13.6, 11.9136, 6.3099],
			"to": [14.5, 12.8136, 7.2099],
			"rotation": {"angle": 45, "axis": "x", "origin": [21.6, 5.7136, -0.7901]},
			"faces": {
				"north": {"uv": [3, 12, 4, 13], "rotation": 180, "texture": "#1"},
				"east": {"uv": [3, 12, 4, 13], "texture": "#1"},
				"south": {"uv": [3, 12, 4, 13], "rotation": 180, "texture": "#1"},
				"west": {"uv": [3, 12, 4, 13], "texture": "#1"},
				"up": {"uv": [3, 12, 4, 13], "rotation": 180, "texture": "#1"},
				"down": {"uv": [3, 12, 4, 13], "rotation": 180, "texture": "#1"}
			}
		},
		{
			"from": [13.6, 11.9136, -0.05406],
			"to": [14.5, 12.8136, 0.84594],
			"rotation": {"angle": 45, "axis": "x", "origin": [21.6, 5.7136, -7.15406]},
			"faces": {
				"north": {"uv": [8, 7, 9, 8], "rotation": 180, "texture": "#1"},
				"east": {"uv": [8, 7, 9, 8], "texture": "#1"},
				"south": {"uv": [8, 7, 9, 8], "rotation": 180, "texture": "#1"},
				"west": {"uv": [8, 7, 9, 8], "texture": "#1"},
				"up": {"uv": [8, 7, 9, 8], "rotation": 180, "texture": "#1"},
				"down": {"uv": [8, 7, 9, 8], "rotation": 180, "texture": "#1"}
			}
		},
		{
			"from": [13.6, 11.9136, 1.21873],
			"to": [14.5, 12.8136, 2.11873],
			"rotation": {"angle": 45, "axis": "x", "origin": [21.6, 5.7136, -5.88127]},
			"faces": {
				"north": {"uv": [7, 8, 8, 9], "rotation": 180, "texture": "#1"},
				"east": {"uv": [7, 8, 8, 9], "texture": "#1"},
				"south": {"uv": [7, 8, 8, 9], "rotation": 180, "texture": "#1"},
				"west": {"uv": [7, 8, 8, 9], "texture": "#1"},
				"up": {"uv": [7, 8, 8, 9], "rotation": 180, "texture": "#1"},
				"down": {"uv": [7, 8, 8, 9], "rotation": 180, "texture": "#1"}
			}
		},
		{
			"from": [13.6, 11.9136, -1.32685],
			"to": [14.5, 12.8136, -0.42685],
			"rotation": {"angle": 45, "axis": "x", "origin": [21.6, 5.7136, -8.42685]},
			"faces": {
				"north": {"uv": [9, 6, 10, 7], "rotation": 180, "texture": "#1"},
				"east": {"uv": [9, 6, 10, 7], "texture": "#1"},
				"south": {"uv": [9, 6, 10, 7], "rotation": 180, "texture": "#1"},
				"west": {"uv": [9, 6, 10, 7], "texture": "#1"},
				"up": {"uv": [9, 6, 10, 7], "rotation": 180, "texture": "#1"},
				"down": {"uv": [9, 6, 10, 7], "rotation": 180, "texture": "#1"}
			}
		},
		{
			"from": [13.6, 11.9136, -2.59964],
			"to": [14.5, 12.8136, -1.69964],
			"rotation": {"angle": 45, "axis": "x", "origin": [21.6, 5.7136, -9.69964]},
			"faces": {
				"north": {"uv": [10, 5, 11, 6], "rotation": 180, "texture": "#1"},
				"east": {"uv": [10, 5, 11, 6], "texture": "#1"},
				"south": {"uv": [10, 5, 11, 6], "rotation": 180, "texture": "#1"},
				"west": {"uv": [10, 5, 11, 6], "texture": "#1"},
				"up": {"uv": [10, 5, 11, 6], "rotation": 180, "texture": "#1"},
				"down": {"uv": [10, 5, 11, 6], "rotation": 180, "texture": "#1"}
			}
		},
		{
			"from": [13.6, 11.9136, -3.87244],
			"to": [14.5, 12.8136, -2.97244],
			"rotation": {"angle": 45, "axis": "x", "origin": [21.6, 5.7136, -10.97244]},
			"faces": {
				"north": {"uv": [11, 4, 12, 5], "rotation": 180, "texture": "#1"},
				"east": {"uv": [11, 4, 12, 5], "texture": "#1"},
				"south": {"uv": [11, 4, 12, 5], "rotation": 180, "texture": "#1"},
				"west": {"uv": [11, 4, 12, 5], "texture": "#1"},
				"up": {"uv": [11, 4, 12, 5], "rotation": 180, "texture": "#1"},
				"down": {"uv": [11, 4, 12, 5], "rotation": 180, "texture": "#1"}
			}
		},
		{
			"from": [13.6, 12.55, -4.50883],
			"to": [14.5, 13.45, -3.60883],
			"rotation": {"angle": 45, "axis": "x", "origin": [21.6, 6.35, -11.60883]},
			"faces": {
				"north": {"uv": [12, 4, 13, 5], "rotation": 180, "texture": "#1"},
				"east": {"uv": [12, 4, 13, 5], "texture": "#1"},
				"south": {"uv": [12, 4, 13, 5], "rotation": 180, "texture": "#1"},
				"west": {"uv": [12, 4, 13, 5], "texture": "#1"},
				"up": {"uv": [12, 4, 13, 5], "rotation": 180, "texture": "#1"},
				"down": {"uv": [12, 4, 13, 5], "rotation": 180, "texture": "#1"}
			}
		},
		{
			"from": [13.6, 12.55, -3.23604],
			"to": [14.5, 13.45, -2.33604],
			"rotation": {"angle": 45, "axis": "x", "origin": [21.6, 6.35, -10.33604]},
			"faces": {
				"north": {"uv": [11, 5, 12, 6], "rotation": 180, "texture": "#1"},
				"east": {"uv": [11, 5, 12, 6], "texture": "#1"},
				"south": {"uv": [11, 5, 12, 6], "rotation": 180, "texture": "#1"},
				"west": {"uv": [11, 5, 12, 6], "texture": "#1"},
				"up": {"uv": [11, 5, 12, 6], "rotation": 180, "texture": "#1"},
				"down": {"uv": [11, 5, 12, 6], "rotation": 180, "texture": "#1"}
			}
		},
		{
			"from": [13.6, 11.2772, -1.96324],
			"to": [14.5, 12.1772, -1.06324],
			"rotation": {"angle": 45, "axis": "x", "origin": [21.6, 5.0772, -9.06324]},
			"faces": {
				"north": {"uv": [9, 5, 10, 6], "rotation": 180, "texture": "#1"},
				"east": {"uv": [9, 5, 10, 6], "texture": "#1"},
				"south": {"uv": [9, 5, 10, 6], "rotation": 180, "texture": "#1"},
				"west": {"uv": [9, 5, 10, 6], "texture": "#1"},
				"up": {"uv": [9, 5, 10, 6], "rotation": 180, "texture": "#1"},
				"down": {"uv": [9, 5, 10, 6], "rotation": 180, "texture": "#1"}
			}
		},
		{
			"from": [13.6, 10.64081, -2.59964],
			"to": [14.5, 11.54081, -1.69964],
			"rotation": {"angle": 45, "axis": "x", "origin": [21.6, 4.44081, -9.69964]},
			"faces": {
				"north": {"uv": [9, 4, 10, 5], "rotation": 180, "texture": "#1"},
				"east": {"uv": [9, 4, 10, 5], "texture": "#1"},
				"south": {"uv": [9, 4, 10, 5], "rotation": 180, "texture": "#1"},
				"west": {"uv": [9, 4, 10, 5], "texture": "#1"},
				"up": {"uv": [9, 4, 10, 5], "rotation": 180, "texture": "#1"},
				"down": {"uv": [9, 4, 10, 5], "rotation": 180, "texture": "#1"}
			}
		},
		{
			"from": [13.6, 9.36802, -2.59964],
			"to": [14.5, 10.26802, -1.69964],
			"rotation": {"angle": 45, "axis": "x", "origin": [21.6, 3.16802, -9.69964]},
			"faces": {
				"north": {"uv": [8, 3, 9, 4], "rotation": 180, "texture": "#1"},
				"east": {"uv": [8, 3, 9, 4], "texture": "#1"},
				"south": {"uv": [8, 3, 9, 4], "rotation": 180, "texture": "#1"},
				"west": {"uv": [8, 3, 9, 4], "texture": "#1"},
				"up": {"uv": [8, 3, 9, 4], "rotation": 180, "texture": "#1"},
				"down": {"uv": [8, 3, 9, 4], "rotation": 180, "texture": "#1"}
			}
		},
		{
			"from": [13.6, 9.36802, -3.87243],
			"to": [14.5, 10.26802, -2.97243],
			"rotation": {"angle": 45, "axis": "x", "origin": [21.6, 3.16802, -10.97243]},
			"faces": {
				"north": {"uv": [9, 2, 10, 3], "rotation": 180, "texture": "#1"},
				"east": {"uv": [9, 2, 10, 3], "texture": "#1"},
				"south": {"uv": [9, 2, 10, 3], "rotation": 180, "texture": "#1"},
				"west": {"uv": [9, 2, 10, 3], "texture": "#1"},
				"up": {"uv": [9, 2, 10, 3], "rotation": 180, "texture": "#1"},
				"down": {"uv": [9, 2, 10, 3], "rotation": 180, "texture": "#1"}
			}
		},
		{
			"from": [13.6, 10.00441, -4.50883],
			"to": [14.5, 10.90441, -3.60883],
			"rotation": {"angle": 45, "axis": "x", "origin": [21.6, 3.80441, -11.60883]},
			"faces": {
				"north": {"uv": [10, 2, 11, 3], "rotation": 180, "texture": "#1"},
				"east": {"uv": [10, 2, 11, 3], "texture": "#1"},
				"south": {"uv": [10, 2, 11, 3], "rotation": 180, "texture": "#1"},
				"west": {"uv": [10, 2, 11, 3], "texture": "#1"},
				"up": {"uv": [10, 2, 11, 3], "rotation": 180, "texture": "#1"},
				"down": {"uv": [10, 2, 11, 3], "rotation": 180, "texture": "#1"}
			}
		},
		{
			"from": [13.6, 10.64081, -3.87243],
			"to": [14.5, 11.54081, -2.97243],
			"rotation": {"angle": 45, "axis": "x", "origin": [21.6, 4.44081, -10.97243]},
			"faces": {
				"north": {"uv": [10, 3, 11, 4], "rotation": 180, "texture": "#1"},
				"east": {"uv": [10, 3, 11, 4], "texture": "#1"},
				"south": {"uv": [10, 3, 11, 4], "rotation": 180, "texture": "#1"},
				"west": {"uv": [10, 3, 11, 4], "texture": "#1"},
				"up": {"uv": [10, 3, 11, 4], "rotation": 180, "texture": "#1"},
				"down": {"uv": [10, 3, 11, 4], "rotation": 180, "texture": "#1"}
			}
		},
		{
			"from": [13.6, 11.2772, -4.50883],
			"to": [14.5, 12.1772, -3.60883],
			"rotation": {"angle": 45, "axis": "x", "origin": [21.6, 5.0772, -11.60883]},
			"faces": {
				"north": {"uv": [11, 3, 12, 4], "rotation": 180, "texture": "#1"},
				"east": {"uv": [11, 3, 12, 4], "texture": "#1"},
				"south": {"uv": [11, 3, 12, 4], "rotation": 180, "texture": "#1"},
				"west": {"uv": [11, 3, 12, 4], "texture": "#1"},
				"up": {"uv": [11, 3, 12, 4], "rotation": 180, "texture": "#1"},
				"down": {"uv": [11, 3, 12, 4], "rotation": 180, "texture": "#1"}
			}
		},
		{
			"from": [13.6, 10.64081, -5.14522],
			"to": [14.5, 11.54081, -4.24522],
			"rotation": {"angle": 45, "axis": "x", "origin": [21.6, 4.44081, -12.24522]},
			"faces": {
				"north": {"uv": [11, 2, 12, 3], "rotation": 180, "texture": "#1"},
				"east": {"uv": [11, 2, 12, 3], "texture": "#1"},
				"south": {"uv": [11, 2, 12, 3], "rotation": 180, "texture": "#1"},
				"west": {"uv": [11, 2, 12, 3], "texture": "#1"},
				"up": {"uv": [11, 2, 12, 3], "rotation": 180, "texture": "#1"},
				"down": {"uv": [11, 2, 12, 3], "rotation": 180, "texture": "#1"}
			}
		},
		{
			"from": [13.6, 9.36802, -5.14522],
			"to": [14.5, 10.26802, -4.24522],
			"rotation": {"angle": 45, "axis": "x", "origin": [21.6, 3.16802, -12.24522]},
			"faces": {
				"north": {"uv": [10, 1, 11, 2], "rotation": 180, "texture": "#1"},
				"east": {"uv": [10, 1, 11, 2], "texture": "#1"},
				"south": {"uv": [10, 1, 11, 2], "rotation": 180, "texture": "#1"},
				"west": {"uv": [10, 1, 11, 2], "texture": "#1"},
				"up": {"uv": [10, 1, 11, 2], "rotation": 180, "texture": "#1"},
				"down": {"uv": [10, 1, 11, 2], "rotation": 180, "texture": "#1"}
			}
		},
		{
			"from": [13.6, 8.73162, -4.50883],
			"to": [14.5, 9.63162, -3.60883],
			"rotation": {"angle": 45, "axis": "x", "origin": [21.6, 2.53162, -11.60883]},
			"faces": {
				"north": {"uv": [9, 1, 10, 2], "rotation": 180, "texture": "#1"},
				"east": {"uv": [9, 1, 10, 2], "texture": "#1"},
				"south": {"uv": [9, 1, 10, 2], "rotation": 180, "texture": "#1"},
				"west": {"uv": [9, 1, 10, 2], "texture": "#1"},
				"up": {"uv": [9, 1, 10, 2], "rotation": 180, "texture": "#1"},
				"down": {"uv": [9, 1, 10, 2], "rotation": 180, "texture": "#1"}
			}
		},
		{
			"from": [13.6, 9.36802, -0.05406],
			"to": [14.5, 10.26802, 0.84594],
			"rotation": {"angle": 45, "axis": "x", "origin": [21.6, 3.16802, -7.15406]},
			"faces": {
				"north": {"uv": [6, 5, 7, 6], "rotation": 180, "texture": "#1"},
				"east": {"uv": [6, 5, 7, 6], "texture": "#1"},
				"south": {"uv": [6, 5, 7, 6], "rotation": 180, "texture": "#1"},
				"west": {"uv": [6, 5, 7, 6], "texture": "#1"},
				"up": {"uv": [6, 5, 7, 6], "rotation": 180, "texture": "#1"},
				"down": {"uv": [6, 5, 7, 6], "rotation": 180, "texture": "#1"}
			}
		},
		{
			"from": [13.6, 8.73162, -0.69045],
			"to": [14.5, 9.63162, 0.20955],
			"rotation": {"angle": 45, "axis": "x", "origin": [21.6, 2.53162, -7.79045]},
			"faces": {
				"north": {"uv": [6, 4, 7, 5], "rotation": 180, "texture": "#1"},
				"east": {"uv": [6, 4, 7, 5], "texture": "#1"},
				"south": {"uv": [6, 4, 7, 5], "rotation": 180, "texture": "#1"},
				"west": {"uv": [6, 4, 7, 5], "texture": "#1"},
				"up": {"uv": [6, 4, 7, 5], "rotation": 180, "texture": "#1"},
				"down": {"uv": [6, 4, 7, 5], "rotation": 180, "texture": "#1"}
			}
		},
		{
			"from": [13.6, 8.73162, -1.96324],
			"to": [14.5, 9.63162, -1.06324],
			"rotation": {"angle": 45, "axis": "x", "origin": [21.6, 2.53162, -9.06324]},
			"faces": {
				"north": {"uv": [7, 3, 8, 4], "rotation": 180, "texture": "#1"},
				"east": {"uv": [7, 3, 8, 4], "texture": "#1"},
				"south": {"uv": [7, 3, 8, 4], "rotation": 180, "texture": "#1"},
				"west": {"uv": [7, 3, 8, 4], "texture": "#1"},
				"up": {"uv": [7, 3, 8, 4], "rotation": 180, "texture": "#1"},
				"down": {"uv": [7, 3, 8, 4], "rotation": 180, "texture": "#1"}
			}
		},
		{
			"from": [13.6, 8.73162, -3.23604],
			"to": [14.5, 9.63162, -2.33604],
			"rotation": {"angle": 45, "axis": "x", "origin": [21.6, 2.53162, -10.33604]},
			"faces": {
				"north": {"uv": [8, 2, 9, 3], "rotation": 180, "texture": "#1"},
				"east": {"uv": [8, 2, 9, 3], "texture": "#1"},
				"south": {"uv": [8, 2, 9, 3], "rotation": 180, "texture": "#1"},
				"west": {"uv": [8, 2, 9, 3], "texture": "#1"},
				"up": {"uv": [8, 2, 9, 3], "rotation": 180, "texture": "#1"},
				"down": {"uv": [8, 2, 9, 3], "rotation": 180, "texture": "#1"}
			}
		},
		{
			"from": [13.6, 11.2772, -0.69045],
			"to": [14.5, 12.1772, 0.20955],
			"rotation": {"angle": 45, "axis": "x", "origin": [21.6, 5.0772, -7.79045]},
			"faces": {
				"north": {"uv": [8, 6, 9, 7], "rotation": 180, "texture": "#1"},
				"east": {"uv": [8, 6, 9, 7], "texture": "#1"},
				"south": {"uv": [8, 6, 9, 7], "rotation": 180, "texture": "#1"},
				"west": {"uv": [8, 6, 9, 7], "texture": "#1"},
				"up": {"uv": [8, 6, 9, 7], "rotation": 180, "texture": "#1"},
				"down": {"uv": [8, 6, 9, 7], "rotation": 180, "texture": "#1"}
			}
		},
		{
			"from": [13.6, 10.64081, -0.05406],
			"to": [14.5, 11.54081, 0.84594],
			"rotation": {"angle": 45, "axis": "x", "origin": [21.6, 4.44081, -7.15406]},
			"faces": {
				"north": {"uv": [7, 6, 8, 7], "rotation": 180, "texture": "#1"},
				"east": {"uv": [7, 6, 8, 7], "texture": "#1"},
				"south": {"uv": [7, 6, 8, 7], "rotation": 180, "texture": "#1"},
				"west": {"uv": [7, 6, 8, 7], "texture": "#1"},
				"up": {"uv": [7, 6, 8, 7], "rotation": 180, "texture": "#1"},
				"down": {"uv": [7, 6, 8, 7], "rotation": 180, "texture": "#1"}
			}
		},
		{
			"from": [13.6, 10.64081, -1.32685],
			"to": [14.5, 11.54081, -0.42685],
			"rotation": {"angle": 45, "axis": "x", "origin": [21.6, 4.44081, -8.42685]},
			"faces": {
				"north": {"uv": [8, 5, 9, 6], "rotation": 180, "texture": "#1"},
				"east": {"uv": [8, 5, 9, 6], "texture": "#1"},
				"south": {"uv": [8, 5, 9, 6], "rotation": 180, "texture": "#1"},
				"west": {"uv": [8, 5, 9, 6], "texture": "#1"},
				"up": {"uv": [8, 5, 9, 6], "rotation": 180, "texture": "#1"},
				"down": {"uv": [8, 5, 9, 6], "rotation": 180, "texture": "#1"}
			}
		},
		{
			"from": [13.6, 10.00441, -0.69045],
			"to": [14.5, 10.90441, 0.20955],
			"rotation": {"angle": 45, "axis": "x", "origin": [21.6, 3.80441, -7.79045]},
			"faces": {
				"north": {"uv": [7, 5, 8, 6], "rotation": 180, "texture": "#1"},
				"east": {"uv": [7, 5, 8, 6], "texture": "#1"},
				"south": {"uv": [7, 5, 8, 6], "rotation": 180, "texture": "#1"},
				"west": {"uv": [7, 5, 8, 6], "texture": "#1"},
				"up": {"uv": [7, 5, 8, 6], "rotation": 180, "texture": "#1"},
				"down": {"uv": [7, 5, 8, 6], "rotation": 180, "texture": "#1"}
			}
		},
		{
			"from": [13.6, 9.36802, -1.32685],
			"to": [14.5, 10.26802, -0.42685],
			"rotation": {"angle": 45, "axis": "x", "origin": [21.6, 3.16802, -8.42685]},
			"faces": {
				"north": {"uv": [7, 4, 8, 5], "rotation": 180, "texture": "#1"},
				"east": {"uv": [7, 4, 8, 5], "texture": "#1"},
				"south": {"uv": [7, 4, 8, 5], "rotation": 180, "texture": "#1"},
				"west": {"uv": [7, 4, 8, 5], "texture": "#1"},
				"up": {"uv": [7, 4, 8, 5], "rotation": 180, "texture": "#1"},
				"down": {"uv": [7, 4, 8, 5], "rotation": 180, "texture": "#1"}
			}
		},
		{
			"from": [13.6, 10.00441, -3.23604],
			"to": [14.5, 10.90441, -2.33604],
			"rotation": {"angle": 45, "axis": "x", "origin": [21.6, 3.80441, -10.33604]},
			"faces": {
				"north": {"uv": [9, 3, 10, 4], "rotation": 180, "texture": "#1"},
				"east": {"uv": [9, 3, 10, 4], "texture": "#1"},
				"south": {"uv": [9, 3, 10, 4], "rotation": 180, "texture": "#1"},
				"west": {"uv": [9, 3, 10, 4], "texture": "#1"},
				"up": {"uv": [9, 3, 10, 4], "rotation": 180, "texture": "#1"},
				"down": {"uv": [9, 3, 10, 4], "rotation": 180, "texture": "#1"}
			}
		},
		{
			"from": [13.6, 10.00441, -1.96324],
			"to": [14.5, 10.90441, -1.06324],
			"rotation": {"angle": 45, "axis": "x", "origin": [21.6, 3.80441, -9.06324]},
			"faces": {
				"north": {"uv": [8, 4, 9, 5], "rotation": 180, "texture": "#1"},
				"east": {"uv": [8, 4, 9, 5], "texture": "#1"},
				"south": {"uv": [8, 4, 9, 5], "rotation": 180, "texture": "#1"},
				"west": {"uv": [8, 4, 9, 5], "texture": "#1"},
				"up": {"uv": [8, 4, 9, 5], "rotation": 180, "texture": "#1"},
				"down": {"uv": [8, 4, 9, 5], "rotation": 180, "texture": "#1"}
			}
		},
		{
			"from": [13.6, 11.2772, -3.23604],
			"to": [14.5, 12.1772, -2.33604],
			"rotation": {"angle": 45, "axis": "x", "origin": [21.6, 5.0772, -10.33604]},
			"faces": {
				"north": {"uv": [10, 4, 11, 5], "rotation": 180, "texture": "#1"},
				"east": {"uv": [10, 4, 11, 5], "texture": "#1"},
				"south": {"uv": [10, 4, 11, 5], "rotation": 180, "texture": "#1"},
				"west": {"uv": [10, 4, 11, 5], "texture": "#1"},
				"up": {"uv": [10, 4, 11, 5], "rotation": 180, "texture": "#1"},
				"down": {"uv": [10, 4, 11, 5], "rotation": 180, "texture": "#1"}
			}
		},
		{
			"from": [13.6, 15.09559, -3.23604],
			"to": [14.5, 15.99559, -2.33604],
			"rotation": {"angle": 45, "axis": "x", "origin": [21.6, 8.89559, -10.33604]},
			"faces": {
				"north": {"uv": [13, 7, 14, 8], "rotation": 180, "texture": "#1"},
				"east": {"uv": [13, 7, 14, 8], "texture": "#1"},
				"south": {"uv": [13, 7, 14, 8], "rotation": 180, "texture": "#1"},
				"west": {"uv": [13, 7, 14, 8], "texture": "#1"},
				"up": {"uv": [13, 7, 14, 8], "rotation": 180, "texture": "#1"},
				"down": {"uv": [13, 7, 14, 8], "rotation": 180, "texture": "#1"}
			}
		},
		{
			"from": [13.6, 14.45919, -3.87244],
			"to": [14.5, 15.35919, -2.97244],
			"rotation": {"angle": 45, "axis": "x", "origin": [21.6, 8.25919, -10.97244]},
			"faces": {
				"north": {"uv": [13, 6, 14, 7], "rotation": 180, "texture": "#1"},
				"east": {"uv": [13, 6, 14, 7], "texture": "#1"},
				"south": {"uv": [13, 6, 14, 7], "rotation": 180, "texture": "#1"},
				"west": {"uv": [13, 6, 14, 7], "texture": "#1"},
				"up": {"uv": [13, 6, 14, 7], "rotation": 180, "texture": "#1"},
				"down": {"uv": [13, 6, 14, 7], "rotation": 180, "texture": "#1"}
			}
		},
		{
			"from": [13.6, 15.09559, -1.96325],
			"to": [14.5, 15.99559, -1.06325],
			"rotation": {"angle": 45, "axis": "x", "origin": [21.6, 8.89559, -9.06325]},
			"faces": {
				"north": {"uv": [12, 8, 13, 9], "rotation": 180, "texture": "#1"},
				"east": {"uv": [12, 8, 13, 9], "texture": "#1"},
				"south": {"uv": [12, 8, 13, 9], "rotation": 180, "texture": "#1"},
				"west": {"uv": [12, 8, 13, 9], "texture": "#1"},
				"up": {"uv": [12, 8, 13, 9], "rotation": 180, "texture": "#1"},
				"down": {"uv": [12, 8, 13, 9], "rotation": 180, "texture": "#1"}
			}
		},
		{
			"from": [13.6, 14.45919, -1.32685],
			"to": [14.5, 15.35919, -0.42685],
			"rotation": {"angle": 45, "axis": "x", "origin": [21.6, 8.25919, -8.42685]},
			"faces": {
				"north": {"uv": [11, 8, 12, 9], "rotation": 180, "texture": "#1"},
				"east": {"uv": [11, 8, 12, 9], "texture": "#1"},
				"south": {"uv": [11, 8, 12, 9], "rotation": 180, "texture": "#1"},
				"west": {"uv": [11, 8, 12, 9], "texture": "#1"},
				"up": {"uv": [11, 8, 12, 9], "rotation": 180, "texture": "#1"},
				"down": {"uv": [11, 8, 12, 9], "rotation": 180, "texture": "#1"}
			}
		},
		{
			"from": [13.6, 14.45919, -2.59965],
			"to": [14.5, 15.35919, -1.69965],
			"rotation": {"angle": 45, "axis": "x", "origin": [21.6, 8.25919, -9.69965]},
			"faces": {
				"north": {"uv": [12, 7, 13, 8], "rotation": 180, "texture": "#1"},
				"east": {"uv": [12, 7, 13, 8], "texture": "#1"},
				"south": {"uv": [12, 7, 13, 8], "rotation": 180, "texture": "#1"},
				"west": {"uv": [12, 7, 13, 8], "texture": "#1"},
				"up": {"uv": [12, 7, 13, 8], "rotation": 180, "texture": "#1"},
				"down": {"uv": [12, 7, 13, 8], "rotation": 180, "texture": "#1"}
			}
		},
		{
			"from": [13.6, 13.8228, -1.96324],
			"to": [14.5, 14.7228, -1.06324],
			"rotation": {"angle": 45, "axis": "x", "origin": [21.6, 7.6228, -9.06324]},
			"faces": {
				"north": {"uv": [11, 7, 12, 8], "rotation": 180, "texture": "#1"},
				"east": {"uv": [11, 7, 12, 8], "texture": "#1"},
				"south": {"uv": [11, 7, 12, 8], "rotation": 180, "texture": "#1"},
				"west": {"uv": [11, 7, 12, 8], "texture": "#1"},
				"up": {"uv": [11, 7, 12, 8], "rotation": 180, "texture": "#1"},
				"down": {"uv": [11, 7, 12, 8], "rotation": 180, "texture": "#1"}
			}
		},
		{
			"from": [13.6, 13.8228, -3.23604],
			"to": [14.5, 14.7228, -2.33604],
			"rotation": {"angle": 45, "axis": "x", "origin": [21.6, 7.6228, -10.33604]},
			"faces": {
				"north": {"uv": [12, 6, 13, 7], "rotation": 180, "texture": "#1"},
				"east": {"uv": [12, 6, 13, 7], "texture": "#1"},
				"south": {"uv": [12, 6, 13, 7], "rotation": 180, "texture": "#1"},
				"west": {"uv": [12, 6, 13, 7], "texture": "#1"},
				"up": {"uv": [12, 6, 13, 7], "rotation": 180, "texture": "#1"},
				"down": {"uv": [12, 6, 13, 7], "rotation": 180, "texture": "#1"}
			}
		},
		{
			"from": [13.6, 12.55, -1.96325],
			"to": [14.5, 13.45, -1.06325],
			"rotation": {"angle": 45, "axis": "x", "origin": [21.6, 6.35, -9.06325]},
			"faces": {
				"north": {"uv": [10, 6, 11, 7], "rotation": 180, "texture": "#1"},
				"east": {"uv": [10, 6, 11, 7], "texture": "#1"},
				"south": {"uv": [10, 6, 11, 7], "rotation": 180, "texture": "#1"},
				"west": {"uv": [10, 6, 11, 7], "texture": "#1"},
				"up": {"uv": [10, 6, 11, 7], "rotation": 180, "texture": "#1"},
				"down": {"uv": [10, 6, 11, 7], "rotation": 180, "texture": "#1"}
			}
		},
		{
			"from": [13.6, 12.55, -0.69045],
			"to": [14.5, 13.45, 0.20955],
			"rotation": {"angle": 45, "axis": "x", "origin": [21.6, 6.35, -7.79045]},
			"faces": {
				"north": {"uv": [9, 7, 10, 8], "rotation": 180, "texture": "#1"},
				"east": {"uv": [9, 7, 10, 8], "texture": "#1"},
				"south": {"uv": [9, 7, 10, 8], "rotation": 180, "texture": "#1"},
				"west": {"uv": [9, 7, 10, 8], "texture": "#1"},
				"up": {"uv": [9, 7, 10, 8], "rotation": 180, "texture": "#1"},
				"down": {"uv": [9, 7, 10, 8], "rotation": 180, "texture": "#1"}
			}
		},
		{
			"from": [13.6, 12.55, 0.58234],
			"to": [14.5, 13.45, 1.48234],
			"rotation": {"angle": 45, "axis": "x", "origin": [21.6, 6.35, -6.51766]},
			"faces": {
				"north": {"uv": [8, 8, 9, 9], "rotation": 180, "texture": "#1"},
				"east": {"uv": [8, 8, 9, 9], "texture": "#1"},
				"south": {"uv": [8, 8, 9, 9], "rotation": 180, "texture": "#1"},
				"west": {"uv": [8, 8, 9, 9], "texture": "#1"},
				"up": {"uv": [8, 8, 9, 9], "rotation": 180, "texture": "#1"},
				"down": {"uv": [8, 8, 9, 9], "rotation": 180, "texture": "#1"}
			}
		},
		{
			"from": [13.6, 12.55, 1.85513],
			"to": [14.5, 13.45, 2.75513],
			"rotation": {"angle": 45, "axis": "x", "origin": [21.6, 6.35, -5.24487]},
			"faces": {
				"north": {"uv": [7, 9, 8, 10], "rotation": 180, "texture": "#1"},
				"east": {"uv": [7, 9, 8, 10], "texture": "#1"},
				"south": {"uv": [7, 9, 8, 10], "rotation": 180, "texture": "#1"},
				"west": {"uv": [7, 9, 8, 10], "texture": "#1"},
				"up": {"uv": [7, 9, 8, 10], "rotation": 180, "texture": "#1"},
				"down": {"uv": [7, 9, 8, 10], "rotation": 180, "texture": "#1"}
			}
		},
		{
			"from": [13.6, 12.55, 3.12792],
			"to": [14.5, 13.45, 4.02792],
			"rotation": {"angle": 45, "axis": "x", "origin": [21.6, 6.35, -3.97208]},
			"faces": {
				"north": {"uv": [6, 10, 7, 11], "rotation": 180, "texture": "#1"},
				"east": {"uv": [6, 10, 7, 11], "texture": "#1"},
				"south": {"uv": [6, 10, 7, 11], "rotation": 180, "texture": "#1"},
				"west": {"uv": [6, 10, 7, 11], "texture": "#1"},
				"up": {"uv": [6, 10, 7, 11], "rotation": 180, "texture": "#1"},
				"down": {"uv": [6, 10, 7, 11], "rotation": 180, "texture": "#1"}
			}
		},
		{
			"from": [13.6, 11.9136, 2.49153],
			"to": [14.5, 12.8136, 3.39153],
			"rotation": {"angle": 45, "axis": "x", "origin": [21.6, 5.7136, -4.60847]},
			"faces": {
				"north": {"uv": [6, 9, 7, 10], "rotation": 180, "texture": "#1"},
				"east": {"uv": [6, 9, 7, 10], "texture": "#1"},
				"south": {"uv": [6, 9, 7, 10], "rotation": 180, "texture": "#1"},
				"west": {"uv": [6, 9, 7, 10], "texture": "#1"},
				"up": {"uv": [6, 9, 7, 10], "rotation": 180, "texture": "#1"},
				"down": {"uv": [6, 9, 7, 10], "rotation": 180, "texture": "#1"}
			}
		},
		{
			"from": [13.6, 13.1864, 2.49153],
			"to": [14.5, 14.0864, 3.39153],
			"rotation": {"angle": 45, "axis": "x", "origin": [21.6, 6.9864, -4.60847]},
			"faces": {
				"north": {"uv": [7, 10, 8, 11], "rotation": 180, "texture": "#1"},
				"east": {"uv": [7, 10, 8, 11], "texture": "#1"},
				"south": {"uv": [7, 10, 8, 11], "rotation": 180, "texture": "#1"},
				"west": {"uv": [7, 10, 8, 11], "texture": "#1"},
				"up": {"uv": [7, 10, 8, 11], "rotation": 180, "texture": "#1"},
				"down": {"uv": [7, 10, 8, 11], "rotation": 180, "texture": "#1"}
			}
		},
		{
			"from": [13.6, 13.1864, -3.87244],
			"to": [14.5, 14.0864, -2.97244],
			"rotation": {"angle": 45, "axis": "x", "origin": [21.6, 6.9864, -10.97244]},
			"faces": {
				"north": {"uv": [12, 5, 13, 6], "rotation": 180, "texture": "#1"},
				"east": {"uv": [12, 5, 13, 6], "texture": "#1"},
				"south": {"uv": [12, 5, 13, 6], "rotation": 180, "texture": "#1"},
				"west": {"uv": [12, 5, 13, 6], "texture": "#1"},
				"up": {"uv": [12, 5, 13, 6], "rotation": 180, "texture": "#1"},
				"down": {"uv": [12, 5, 13, 6], "rotation": 180, "texture": "#1"}
			}
		},
		{
			"from": [13.6, 13.1864, -2.59964],
			"to": [14.5, 14.0864, -1.69964],
			"rotation": {"angle": 45, "axis": "x", "origin": [21.6, 6.9864, -9.69964]},
			"faces": {
				"north": {"uv": [11, 6, 12, 7], "rotation": 180, "texture": "#1"},
				"east": {"uv": [11, 6, 12, 7], "texture": "#1"},
				"south": {"uv": [11, 6, 12, 7], "rotation": 180, "texture": "#1"},
				"west": {"uv": [11, 6, 12, 7], "texture": "#1"},
				"up": {"uv": [11, 6, 12, 7], "rotation": 180, "texture": "#1"},
				"down": {"uv": [11, 6, 12, 7], "rotation": 180, "texture": "#1"}
			}
		},
		{
			"from": [13.6, 13.1864, -1.32685],
			"to": [14.5, 14.0864, -0.42685],
			"rotation": {"angle": 45, "axis": "x", "origin": [21.6, 6.9864, -8.42685]},
			"faces": {
				"north": {"uv": [10, 7, 11, 8], "rotation": 180, "texture": "#1"},
				"east": {"uv": [10, 7, 11, 8], "texture": "#1"},
				"south": {"uv": [10, 7, 11, 8], "rotation": 180, "texture": "#1"},
				"west": {"uv": [10, 7, 11, 8], "texture": "#1"},
				"up": {"uv": [10, 7, 11, 8], "rotation": 180, "texture": "#1"},
				"down": {"uv": [10, 7, 11, 8], "rotation": 180, "texture": "#1"}
			}
		},
		{
			"from": [13.6, 13.1864, -0.05406],
			"to": [14.5, 14.0864, 0.84594],
			"rotation": {"angle": 45, "axis": "x", "origin": [21.6, 6.9864, -7.15406]},
			"faces": {
				"north": {"uv": [9, 8, 10, 9], "rotation": 180, "texture": "#1"},
				"east": {"uv": [9, 8, 10, 9], "texture": "#1"},
				"south": {"uv": [9, 8, 10, 9], "rotation": 180, "texture": "#1"},
				"west": {"uv": [9, 8, 10, 9], "texture": "#1"},
				"up": {"uv": [9, 8, 10, 9], "rotation": 180, "texture": "#1"},
				"down": {"uv": [9, 8, 10, 9], "rotation": 180, "texture": "#1"}
			}
		},
		{
			"from": [13.6, 13.1864, 1.21873],
			"to": [14.5, 14.0864, 2.11873],
			"rotation": {"angle": 45, "axis": "x", "origin": [21.6, 6.9864, -5.88127]},
			"faces": {
				"north": {"uv": [8, 9, 9, 10], "rotation": 180, "texture": "#1"},
				"east": {"uv": [8, 9, 9, 10], "texture": "#1"},
				"south": {"uv": [8, 9, 9, 10], "rotation": 180, "texture": "#1"},
				"west": {"uv": [8, 9, 9, 10], "texture": "#1"},
				"up": {"uv": [8, 9, 9, 10], "rotation": 180, "texture": "#1"},
				"down": {"uv": [8, 9, 9, 10], "rotation": 180, "texture": "#1"}
			}
		},
		{
			"from": [13.6, 13.1864, 3.76432],
			"to": [14.5, 14.0864, 4.66432],
			"rotation": {"angle": 45, "axis": "x", "origin": [21.6, 6.9864, -3.33568]},
			"faces": {
				"north": {"uv": [6, 11, 7, 12], "rotation": 180, "texture": "#1"},
				"east": {"uv": [6, 11, 7, 12], "texture": "#1"},
				"south": {"uv": [6, 11, 7, 12], "rotation": 180, "texture": "#1"},
				"west": {"uv": [6, 11, 7, 12], "texture": "#1"},
				"up": {"uv": [6, 11, 7, 12], "rotation": 180, "texture": "#1"},
				"down": {"uv": [6, 11, 7, 12], "rotation": 180, "texture": "#1"}
			}
		}
	],
	"display": {
		"thirdperson_righthand": {
			"rotation": [50, 50, 0],
			"translation": [0, 2, 2],
			"scale": [0.3, 0.3, 0.3]
		},
		"thirdperson_lefthand": {
			"rotation": [50, 50, 0],
			"translation": [0, 2, 2],
			"scale": [0.3, 0.3, 0.3]
		},
		"firstperson_righthand": {
			"rotation": [10, 115, -10],
			"translation": [2, 3, 0],
			"scale": [0.3, 0.3, 0.3]
		},
		"firstperson_lefthand": {
			"rotation": [10, 115, -10],
			"translation": [2, 3, 0],
			"scale": [0.3, 0.3, 0.3]
		},
		"ground": {
			"translation": [0, 4, 0],
			"scale": [0.3, 0.3, 0.3]
		},
		"gui": {
			"rotation": [20, 135, 0],
			"translation": [0, -0.5, 0],
			"scale": [0.43, 0.43, 0.43]
		},
		"head": {
			"translation": [0, 14.4, 0],
			"scale": [0.5, 0.5, 0.5]
		},
		"fixed": {
			"rotation": [-90, 0, 0],
			"translation": [0, -2, -16]
		}
	},
	"groups": [
		{
			"name": "body",
			"shade": false,
			"origin": [0, 24, 0],
			"children": [0, 1, 2, 3]
		},
		{
			"name": "jacket",
			"shade": false,
			"origin": [0, 24, 0],
			"children": []
		},
		{
			"name": "head",
			"shade": false,
			"origin": [0, 24, 0],
			"children": [4, 5]
		},
		{
			"name": "hat",
			"shade": false,
			"origin": [0, 24, 0],
			"children": []
		},
		{
			"name": "rightArm",
			"shade": false,
			"origin": [-5, 22, 0],
			"children": [6]
		},
		{
			"name": "leftArm",
			"shade": false,
			"origin": [5, 22, 0],
			"children": [7]
		},
		{
			"name": "rightSleeve",
			"shade": false,
			"origin": [-5, 22, 0],
			"children": []
		},
		{
			"name": "leftSleeve",
			"shade": false,
			"origin": [5, 22, 0],
			"children": []
		},
		{
			"name": "rightLeg",
			"shade": false,
			"origin": [-1.9, 12, 0],
			"children": []
		},
		{
			"name": "leftLeg",
			"shade": false,
			"origin": [1.9, 12, 0],
			"children": [8, 9, 10, 11, 12, 13]
		},
		{
			"name": "rightPants",
			"shade": false,
			"origin": [-1.9, 12, 0],
			"children": []
		},
		{
			"name": "leftPants",
			"shade": false,
			"origin": [1.9, 12, 0],
			"children": []
		},
		{
			"name": "group",
			"origin": [8, 8, 8],
			"children": [14, 15, 16, 17, 18, 19, 20, 21, 22, 23, 24, 25, 26, 27, 28, 29, 30, 31, 32, 33, 34, 35, 36, 37, 38, 39, 40, 41, 42, 43, 44, 45, 46, 47, 48, 49, 50, 51, 52, 53, 54, 55, 56, 57, 58, 59, 60, 61, 62, 63, 64, 65, 66, 67, 68, 69, 70, 71, 72, 73]
		}
	]
}