{
	"credit": "Made by Vega_Senpai",
	"textures": {
		"0": "spawn_egg/piglin",
		"1": "spawn_egg/golden_sword"
	},
	"elements": [
		{
			"name": "body",
			"from": [3.9, 3.9, 7.9],
			"to": [12.1, 16.1, 12.1],
			"shade": false,
			"rotation": {"angle": 0, "axis": "y", "origin": [16, 0, 18]},
			"faces": {
				"north": {"uv": [5, 5, 7, 8], "texture": "#0"},
				"east": {"uv": [4, 5, 5, 8], "texture": "#0"},
				"south": {"uv": [8, 5, 10, 8], "texture": "#0"},
				"west": {"uv": [7, 5, 8, 8], "texture": "#0"},
				"up": {"uv": [5, 5, 7, 4], "texture": "#0"},
				"down": {"uv": [7, 4, 9, 5], "texture": "#0"}
			}
		},
		{
			"from": [5, 16, 5],
			"to": [6, 18, 6],
			"rotation": {"angle": 0, "axis": "y", "origin": [13, 24, 13]},
			"faces": {
				"north": {"uv": [0.75, 0.25, 1, 0.75], "texture": "#0"},
				"east": {"uv": [1, 0.25, 1.25, 0.75], "texture": "#0"},
				"south": {"uv": [0.5, 0.25, 0.75, 0.75], "texture": "#0"},
				"west": {"uv": [1, 0.25, 1.25, 0.75], "texture": "#0"},
				"up": {"uv": [1, 0, 1.25, 0.25], "texture": "#0"},
				"down": {"uv": [0.75, 0, 1, 0.25], "texture": "#0"}
			}
		},
		{
			"from": [10, 16, 5],
			"to": [11, 18, 6],
			"rotation": {"angle": 0, "axis": "y", "origin": [18, 24, 13]},
			"faces": {
				"north": {"uv": [0.75, 0.25, 1, 0.75], "texture": "#0"},
				"east": {"uv": [1, 0.25, 1.25, 0.75], "texture": "#0"},
				"south": {"uv": [0.5, 0.25, 0.75, 0.75], "texture": "#0"},
				"west": {"uv": [1, 0.25, 1.25, 0.75], "texture": "#0"},
				"up": {"uv": [1, 0, 1.25, 0.25], "texture": "#0"},
				"down": {"uv": [0.75, 0, 1, 0.25], "texture": "#0"}
			}
		},
		{
			"name": "head",
			"from": [3, 16, 6],
			"to": [13, 24, 14],
			"shade": false,
			"rotation": {"angle": 0, "axis": "y", "origin": [0, 0, 18]},
			"faces": {
				"north": {"uv": [2, 2, 4.5, 4], "texture": "#0"},
				"east": {"uv": [0, 2, 2, 4], "texture": "#0"},
				"south": {"uv": [6.5, 2, 9, 4], "texture": "#0"},
				"west": {"uv": [4.5, 2, 6.5, 4], "texture": "#0"},
				"up": {"uv": [4.5, 2, 2, 0], "texture": "#0"},
				"down": {"uv": [7, 0, 4.5, 2], "texture": "#0"}
			}
		},
		{
			"from": [6, 16, 5],
			"to": [10, 20, 6],
			"rotation": {"angle": 0, "axis": "y", "origin": [17, 24, 13]},
			"faces": {
				"north": {"uv": [8, 0.5, 9, 1.5], "texture": "#0"},
				"east": {"uv": [7.75, 0.5, 8, 1.5], "texture": "#0"},
				"south": {"uv": [9.25, 0.5, 10.25, 1.5], "texture": "#0"},
				"west": {"uv": [9, 0.5, 9.25, 1.5], "texture": "#0"},
				"up": {"uv": [8, 0.25, 9, 0.5], "texture": "#0"},
				"down": {"uv": [9, 0.25, 10, 0.5], "texture": "#0"}
			}
		},
		{
			"name": "rightArm",
			"from": [0, 4, 8],
			"to": [4, 16, 12],
			"shade": false,
			"rotation": {"angle": 0, "axis": "y", "origin": [-12, 0, 18]},
			"faces": {
				"north": {"uv": [9, 13, 10, 16], "texture": "#0"},
				"east": {"uv": [8, 13, 9, 16], "texture": "#0"},
				"south": {"uv": [11, 13, 12, 16], "texture": "#0"},
				"west": {"uv": [10, 13, 11, 16], "texture": "#0"},
				"up": {"uv": [10, 13, 9, 12], "texture": "#0"},
				"down": {"uv": [11, 12, 10, 13], "texture": "#0"}
			}
		},
		{
			"name": "leftArm",
			"from": [12, 4, 8],
			"to": [16, 16, 12],
			"rotation": {"angle": 0, "axis": "x", "origin": [16, 0, 18]},
			"faces": {
				"north": {"uv": [11, 5, 12, 8], "texture": "#0"},
				"east": {"uv": [10, 5, 11, 8], "texture": "#0"},
				"south": {"uv": [13, 5, 14, 8], "texture": "#0"},
				"west": {"uv": [12, 5, 13, 8], "texture": "#0"},
				"up": {"uv": [12, 5, 11, 4], "texture": "#0"},
				"down": {"uv": [13, 4, 12, 5], "texture": "#0"}
			}
		},
		{
			"name": "leftLeg",
			"from": [4, -8, 8],
			"to": [8, 4, 12],
			"rotation": {"angle": 0, "axis": "y", "origin": [12, 0, 18]},
			"faces": {
				"north": {"uv": [5, 13, 6, 16], "texture": "#0"},
				"east": {"uv": [4, 13, 5, 16], "texture": "#0"},
				"south": {"uv": [7, 13, 8, 16], "texture": "#0"},
				"west": {"uv": [6, 13, 7, 16], "texture": "#0"},
				"up": {"uv": [6, 13, 5, 12], "texture": "#0"},
				"down": {"uv": [7, 12, 6, 13], "texture": "#0"}
			}
		},
		{
			"name": "leftLeg",
			"from": [8, -8, 8],
			"to": [12, 4, 12],
			"rotation": {"angle": 0, "axis": "y", "origin": [16, 0, 18]},
			"faces": {
				"north": {"uv": [1, 5, 2, 8], "texture": "#0"},
				"east": {"uv": [0, 5, 1, 8], "texture": "#0"},
				"south": {"uv": [3, 5, 4, 8], "texture": "#0"},
				"west": {"uv": [2, 5, 3, 8], "texture": "#0"},
				"up": {"uv": [2, 5, 1, 4], "texture": "#0"},
				"down": {"uv": [3, 4, 2, 5], "texture": "#0"}
			}
		},
		{
			"from": [3.25, 14, 8],
			"to": [4.25, 19, 12],
			"rotation": {"angle": -22.5, "axis": "z", "origin": [11.25, 22, 16]},
			"faces": {
				"north": {"uv": [13.75, 2.5, 14, 3.75], "texture": "#0"},
				"east": {"uv": [13.75, 2.5, 12.75, 3.75], "texture": "#0"},
				"south": {"uv": [15, 2.5, 15.25, 3.75], "texture": "#0"},
				"west": {"uv": [14, 2.5, 15, 3.75], "texture": "#0"},
				"up": {"uv": [13.75, 1.5, 14, 2.5], "texture": "#0"},
				"down": {"uv": [14, 1.5, 14.25, 2.5], "texture": "#0"}
			}
		},
		{
			"from": [11.75, 14, 8],
			"to": [12.75, 19, 12],
			"rotation": {"angle": 22.5, "axis": "z", "origin": [4.75, 22, 4]},
			"faces": {
				"north": {"uv": [10.75, 2.5, 11, 3.75], "texture": "#0"},
				"east": {"uv": [9.75, 2.5, 10.75, 3.75], "texture": "#0"},
				"south": {"uv": [12, 2.5, 12.25, 3.75], "texture": "#0"},
				"west": {"uv": [12, 2.5, 11, 3.75], "texture": "#0"},
				"up": {"uv": [10.75, 1.5, 11, 2.5], "rotation": 180, "texture": "#0"},
				"down": {"uv": [11, 1.5, 11.25, 2.5], "rotation": 180, "texture": "#0"}
			}
		},
		{
			"from": [13.6, 12.225, -8.9],
			"to": [14.5, 13.125, -8],
			"rotation": {"angle": 45, "axis": "x", "origin": [21.6, 6.025, -16]},
			"faces": {
				"north": {"uv": [15, 0, 16, 1], "rotation": 180, "texture": "#1"},
				"east": {"uv": [15, 0, 16, 1], "texture": "#1"},
				"south": {"uv": [15, 0, 16, 1], "rotation": 180, "texture": "#1"},
				"west": {"uv": [15, 0, 16, 1], "texture": "#1"},
				"up": {"uv": [15, 0, 16, 1], "rotation": 180, "texture": "#1"},
				"down": {"uv": [15, 0, 16, 1], "rotation": 180, "texture": "#1"}
			}
		},
		{
			"from": [13.6, 10.95221, -7.62721],
			"to": [14.5, 11.85221, -6.72721],
			"rotation": {"angle": 45, "axis": "x", "origin": [21.6, 4.75221, -14.72721]},
			"faces": {
				"north": {"uv": [13, 0, 14, 1], "rotation": 180, "texture": "#1"},
				"east": {"uv": [13, 0, 14, 1], "texture": "#1"},
				"south": {"uv": [13, 0, 14, 1], "rotation": 180, "texture": "#1"},
				"west": {"uv": [13, 0, 14, 1], "texture": "#1"},
				"up": {"uv": [13, 0, 14, 1], "rotation": 180, "texture": "#1"},
				"down": {"uv": [13, 0, 14, 1], "rotation": 180, "texture": "#1"}
			}
		},
		{
			"from": [13.6, 10.95221, -6.35442],
			"to": [14.5, 11.85221, -5.45442],
			"rotation": {"angle": 45, "axis": "x", "origin": [21.6, 4.75221, -13.45442]},
			"faces": {
				"north": {"uv": [12, 1, 13, 2], "rotation": 180, "texture": "#1"},
				"east": {"uv": [12, 1, 13, 2], "texture": "#1"},
				"south": {"uv": [12, 1, 13, 2], "rotation": 180, "texture": "#1"},
				"west": {"uv": [12, 1, 13, 2], "texture": "#1"},
				"up": {"uv": [12, 1, 13, 2], "rotation": 180, "texture": "#1"},
				"down": {"uv": [12, 1, 13, 2], "rotation": 180, "texture": "#1"}
			}
		},
		{
			"from": [13.6, 10.95221, -5.08162],
			"to": [14.5, 11.85221, -4.18162],
			"rotation": {"angle": 45, "axis": "x", "origin": [21.6, 4.75221, -12.18162]},
			"faces": {
				"north": {"uv": [11, 2, 12, 3], "rotation": 180, "texture": "#1"},
				"east": {"uv": [11, 2, 12, 3], "texture": "#1"},
				"south": {"uv": [11, 2, 12, 3], "rotation": 180, "texture": "#1"},
				"west": {"uv": [11, 2, 12, 3], "texture": "#1"},
				"up": {"uv": [11, 2, 12, 3], "rotation": 180, "texture": "#1"},
				"down": {"uv": [11, 2, 12, 3], "rotation": 180, "texture": "#1"}
			}
		},
		{
			"from": [13.6, 10.95221, -3.80883],
			"to": [14.5, 11.85221, -2.90883],
			"rotation": {"angle": 45, "axis": "x", "origin": [21.6, 4.75221, -10.90883]},
			"faces": {
				"north": {"uv": [10, 3, 11, 4], "rotation": 180, "texture": "#1"},
				"east": {"uv": [10, 3, 11, 4], "texture": "#1"},
				"south": {"uv": [10, 3, 11, 4], "rotation": 180, "texture": "#1"},
				"west": {"uv": [10, 3, 11, 4], "texture": "#1"},
				"up": {"uv": [10, 3, 11, 4], "rotation": 180, "texture": "#1"},
				"down": {"uv": [10, 3, 11, 4], "rotation": 180, "texture": "#1"}
			}
		},
		{
			"from": [13.6, 10.95221, -1.26325],
			"to": [14.5, 11.85221, -0.36325],
			"rotation": {"angle": 45, "axis": "x", "origin": [21.6, 4.75221, -8.36325]},
			"faces": {
				"north": {"uv": [8, 5, 9, 6], "rotation": 180, "texture": "#1"},
				"east": {"uv": [8, 5, 9, 6], "texture": "#1"},
				"south": {"uv": [8, 5, 9, 6], "rotation": 180, "texture": "#1"},
				"west": {"uv": [8, 5, 9, 6], "texture": "#1"},
				"up": {"uv": [8, 5, 9, 6], "rotation": 180, "texture": "#1"},
				"down": {"uv": [8, 5, 9, 6], "rotation": 180, "texture": "#1"}
			}
		},
		{
			"from": [13.6, 10.95221, 1.28234],
			"to": [14.5, 11.85221, 2.18234],
			"rotation": {"angle": 45, "axis": "x", "origin": [21.6, 4.75221, -5.81766]},
			"faces": {
				"north": {"uv": [6, 7, 7, 8], "rotation": 180, "texture": "#1"},
				"east": {"uv": [6, 7, 7, 8], "texture": "#1"},
				"south": {"uv": [6, 7, 7, 8], "rotation": 180, "texture": "#1"},
				"west": {"uv": [6, 7, 7, 8], "texture": "#1"},
				"up": {"uv": [6, 7, 7, 8], "rotation": 180, "texture": "#1"},
				"down": {"uv": [6, 7, 7, 8], "rotation": 180, "texture": "#1"}
			}
		},
		{
			"from": [13.6, 9.67942, 2.55513],
			"to": [14.5, 10.57942, 3.45513],
			"rotation": {"angle": 45, "axis": "x", "origin": [21.6, 3.47942, -4.54487]},
			"faces": {
				"north": {"uv": [4, 7, 5, 8], "rotation": 180, "texture": "#1"},
				"east": {"uv": [4, 7, 5, 8], "texture": "#1"},
				"south": {"uv": [4, 7, 5, 8], "rotation": 180, "texture": "#1"},
				"west": {"uv": [4, 7, 5, 8], "texture": "#1"},
				"up": {"uv": [4, 7, 5, 8], "rotation": 180, "texture": "#1"},
				"down": {"uv": [4, 7, 5, 8], "rotation": 180, "texture": "#1"}
			}
		},
		{
			"from": [13.6, 8.40662, 2.55513],
			"to": [14.5, 9.30662, 3.45513],
			"rotation": {"angle": 45, "axis": "x", "origin": [21.6, 2.20662, -4.54487]},
			"faces": {
				"north": {"uv": [3, 6, 4, 7], "rotation": 180, "texture": "#1"},
				"east": {"uv": [3, 6, 4, 7], "texture": "#1"},
				"south": {"uv": [3, 7, 4, 8], "rotation": 180, "texture": "#1"},
				"west": {"uv": [3, 6, 4, 7], "texture": "#1"},
				"up": {"uv": [3, 6, 4, 7], "rotation": 180, "texture": "#1"},
				"down": {"uv": [3, 6, 4, 7], "rotation": 180, "texture": "#1"}
			}
		},
		{
			"from": [13.6, 7.77023, 3.19153],
			"to": [14.5, 8.67023, 4.09153],
			"rotation": {"angle": 45, "axis": "x", "origin": [21.6, 1.57023, -3.90847]},
			"faces": {
				"north": {"uv": [2, 6, 3, 7], "rotation": 180, "texture": "#1"},
				"east": {"uv": [2, 6, 3, 7], "texture": "#1"},
				"south": {"uv": [2, 6, 3, 7], "rotation": 180, "texture": "#1"},
				"west": {"uv": [2, 6, 3, 7], "texture": "#1"},
				"up": {"uv": [2, 6, 3, 7], "rotation": 180, "texture": "#1"},
				"down": {"uv": [2, 6, 3, 7], "rotation": 180, "texture": "#1"}
			}
		},
		{
			"from": [13.6, 8.40662, 3.82792],
			"to": [14.5, 9.30662, 4.72792],
			"rotation": {"angle": 45, "axis": "x", "origin": [21.6, 2.20662, -3.27208]},
			"faces": {
				"north": {"uv": [2, 7, 3, 8], "rotation": 180, "texture": "#1"},
				"east": {"uv": [2, 7, 3, 8], "texture": "#1"},
				"south": {"uv": [2, 7, 3, 8], "rotation": 180, "texture": "#1"},
				"west": {"uv": [2, 7, 3, 8], "texture": "#1"},
				"up": {"uv": [2, 7, 3, 8], "rotation": 180, "texture": "#1"},
				"down": {"uv": [2, 7, 3, 8], "rotation": 180, "texture": "#1"}
			}
		},
		{
			"from": [13.6, 9.67942, 3.82792],
			"to": [14.5, 10.57942, 4.72792],
			"rotation": {"angle": 45, "axis": "x", "origin": [21.6, 3.47942, -3.27208]},
			"faces": {
				"north": {"uv": [3, 8, 4, 9], "rotation": 180, "texture": "#1"},
				"east": {"uv": [3, 8, 4, 9], "texture": "#1"},
				"south": {"uv": [3, 8, 4, 9], "rotation": 180, "texture": "#1"},
				"west": {"uv": [3, 8, 4, 9], "texture": "#1"},
				"up": {"uv": [3, 8, 4, 9], "rotation": 180, "texture": "#1"},
				"down": {"uv": [3, 8, 4, 9], "rotation": 180, "texture": "#1"}
			}
		},
		{
			"from": [13.6, 10.31581, 4.46432],
			"to": [14.5, 11.21581, 5.36432],
			"rotation": {"angle": 45, "axis": "x", "origin": [21.6, 4.11581, -2.63568]},
			"faces": {
				"north": {"uv": [3, 9, 4, 10], "rotation": 180, "texture": "#1"},
				"east": {"uv": [3, 9, 4, 10], "texture": "#1"},
				"south": {"uv": [3, 9, 4, 10], "rotation": 180, "texture": "#1"},
				"west": {"uv": [3, 9, 4, 10], "texture": "#1"},
				"up": {"uv": [3, 9, 4, 10], "rotation": 180, "texture": "#1"},
				"down": {"uv": [3, 9, 4, 10], "rotation": 180, "texture": "#1"}
			}
		},
		{
			"from": [13.6, 11.5886, 4.46432],
			"to": [14.5, 12.4886, 5.36432],
			"rotation": {"angle": 45, "axis": "x", "origin": [21.6, 5.3886, -2.63568]},
			"faces": {
				"north": {"uv": [4, 10, 5, 11], "rotation": 180, "texture": "#1"},
				"east": {"uv": [4, 10, 5, 11], "texture": "#1"},
				"south": {"uv": [4, 10, 5, 11], "rotation": 180, "texture": "#1"},
				"west": {"uv": [4, 10, 5, 11], "texture": "#1"},
				"up": {"uv": [4, 10, 5, 11], "rotation": 180, "texture": "#1"},
				"down": {"uv": [4, 10, 5, 11], "rotation": 180, "texture": "#1"}
			}
		},
		{
			"from": [13.6, 11.5886, 5.73711],
			"to": [14.5, 12.4886, 6.63711],
			"rotation": {"angle": 45, "axis": "x", "origin": [21.6, 5.3886, -1.36289]},
			"faces": {
				"north": {"uv": [3, 11, 4, 12], "rotation": 180, "texture": "#1"},
				"east": {"uv": [3, 11, 4, 12], "texture": "#1"},
				"south": {"uv": [3, 11, 4, 12], "rotation": 180, "texture": "#1"},
				"west": {"uv": [3, 11, 4, 12], "texture": "#1"},
				"up": {"uv": [3, 11, 4, 12], "rotation": 180, "texture": "#1"},
				"down": {"uv": [3, 11, 4, 12], "rotation": 180, "texture": "#1"}
			}
		},
		{
			"from": [13.6, 12.8614, 5.73711],
			"to": [14.5, 13.7614, 6.63711],
			"rotation": {"angle": 45, "axis": "x", "origin": [21.6, 6.6614, -1.36289]},
			"faces": {
				"north": {"uv": [4, 12, 5, 13], "rotation": 180, "texture": "#1"},
				"east": {"uv": [4, 12, 5, 13], "texture": "#1"},
				"south": {"uv": [4, 12, 5, 13], "rotation": 180, "texture": "#1"},
				"west": {"uv": [4, 12, 5, 13], "texture": "#1"},
				"up": {"uv": [4, 12, 5, 13], "rotation": 180, "texture": "#1"},
				"down": {"uv": [4, 12, 5, 13], "rotation": 180, "texture": "#1"}
			}
		},
		{
			"from": [13.6, 12.8614, 7.0099],
			"to": [14.5, 13.7614, 7.9099],
			"rotation": {"angle": 45, "axis": "x", "origin": [21.6, 6.6614, -0.0901]},
			"faces": {
				"north": {"uv": [3, 13, 4, 14], "rotation": 180, "texture": "#1"},
				"east": {"uv": [3, 13, 4, 14], "texture": "#1"},
				"south": {"uv": [3, 13, 4, 14], "rotation": 180, "texture": "#1"},
				"west": {"uv": [3, 13, 4, 14], "texture": "#1"},
				"up": {"uv": [3, 13, 4, 14], "rotation": 180, "texture": "#1"},
				"down": {"uv": [3, 13, 4, 14], "rotation": 180, "texture": "#1"}
			}
		},
		{
			"from": [13.6, 12.225, 7.6463],
			"to": [14.5, 13.125, 8.5463],
			"rotation": {"angle": 45, "axis": "x", "origin": [21.6, 6.025, 0.5463]},
			"faces": {
				"north": {"uv": [2, 13, 3, 14], "rotation": 180, "texture": "#1"},
				"east": {"uv": [2, 13, 3, 14], "texture": "#1"},
				"south": {"uv": [2, 13, 3, 14], "rotation": 180, "texture": "#1"},
				"west": {"uv": [2, 13, 3, 14], "texture": "#1"},
				"up": {"uv": [2, 13, 3, 14], "rotation": 180, "texture": "#1"},
				"down": {"uv": [2, 13, 3, 14], "rotation": 180, "texture": "#1"}
			}
		},
		{
			"from": [13.6, 12.225, 8.91909],
			"to": [14.5, 13.125, 9.81909],
			"rotation": {"angle": 45, "axis": "x", "origin": [21.6, 6.025, 1.81909]},
			"faces": {
				"north": {"uv": [1, 14, 2, 15], "rotation": 180, "texture": "#1"},
				"east": {"uv": [1, 14, 2, 15], "texture": "#1"},
				"south": {"uv": [1, 14, 2, 15], "rotation": 180, "texture": "#1"},
				"west": {"uv": [1, 14, 2, 15], "texture": "#1"},
				"up": {"uv": [1, 14, 2, 15], "rotation": 180, "texture": "#1"},
				"down": {"uv": [1, 14, 2, 15], "rotation": 180, "texture": "#1"}
			}
		},
		{
			"from": [13.6, 12.8614, 8.28269],
			"to": [14.5, 13.7614, 9.18269],
			"rotation": {"angle": 45, "axis": "x", "origin": [21.6, 6.6614, 1.18269]},
			"faces": {
				"north": {"uv": [2, 14, 3, 15], "rotation": 180, "texture": "#1"},
				"east": {"uv": [2, 14, 3, 15], "texture": "#1"},
				"south": {"uv": [2, 14, 3, 15], "rotation": 180, "texture": "#1"},
				"west": {"uv": [2, 14, 3, 15], "texture": "#1"},
				"up": {"uv": [2, 14, 3, 15], "rotation": 180, "texture": "#1"},
				"down": {"uv": [2, 14, 3, 15], "rotation": 180, "texture": "#1"}
			}
		},
		{
			"from": [13.6, 13.49779, 8.91909],
			"to": [14.5, 14.39779, 9.81909],
			"rotation": {"angle": 45, "axis": "x", "origin": [21.6, 7.29779, 1.81909]},
			"faces": {
				"north": {"uv": [2, 15, 3, 16], "rotation": 180, "texture": "#1"},
				"east": {"uv": [2, 15, 3, 16], "texture": "#1"},
				"south": {"uv": [2, 15, 3, 16], "rotation": 180, "texture": "#1"},
				"west": {"uv": [2, 15, 3, 16], "texture": "#1"},
				"up": {"uv": [2, 15, 3, 16], "rotation": 180, "texture": "#1"},
				"down": {"uv": [2, 15, 3, 16], "rotation": 180, "texture": "#1"}
			}
		},
		{
			"from": [13.6, 12.8614, 9.55549],
			"to": [14.5, 13.7614, 10.45549],
			"rotation": {"angle": 45, "axis": "x", "origin": [21.6, 6.6614, 2.45549]},
			"faces": {
				"north": {"uv": [1, 15, 2, 16], "rotation": 180, "texture": "#1"},
				"east": {"uv": [1, 15, 2, 16], "texture": "#1"},
				"south": {"uv": [1, 15, 2, 16], "rotation": 180, "texture": "#1"},
				"west": {"uv": [1, 15, 2, 16], "texture": "#1"},
				"up": {"uv": [1, 15, 2, 16], "rotation": 180, "texture": "#1"},
				"down": {"uv": [1, 15, 2, 16], "rotation": 180, "texture": "#1"}
			}
		},
		{
			"from": [13.6, 12.225, 10.19188],
			"to": [14.5, 13.125, 11.09188],
			"rotation": {"angle": 45, "axis": "x", "origin": [21.6, 6.025, 3.09188]},
			"faces": {
				"north": {"uv": [0, 15, 1, 16], "rotation": 180, "texture": "#1"},
				"east": {"uv": [0, 15, 1, 16], "texture": "#1"},
				"south": {"uv": [0, 15, 1, 16], "rotation": 180, "texture": "#1"},
				"west": {"uv": [0, 15, 1, 16], "texture": "#1"},
				"up": {"uv": [0, 15, 1, 16], "rotation": 180, "texture": "#1"},
				"down": {"uv": [0, 15, 1, 16], "rotation": 180, "texture": "#1"}
			}
		},
		{
			"from": [13.6, 11.5886, 9.55549],
			"to": [14.5, 12.4886, 10.45549],
			"rotation": {"angle": 45, "axis": "x", "origin": [21.6, 5.3886, 2.45549]},
			"faces": {
				"north": {"uv": [0, 14, 1, 15], "rotation": 180, "texture": "#1"},
				"east": {"uv": [0, 14, 1, 15], "texture": "#1"},
				"south": {"uv": [0, 14, 1, 15], "rotation": 180, "texture": "#1"},
				"west": {"uv": [0, 14, 1, 15], "texture": "#1"},
				"up": {"uv": [0, 14, 1, 15], "rotation": 180, "texture": "#1"},
				"down": {"uv": [0, 14, 1, 15], "rotation": 180, "texture": "#1"}
			}
		},
		{
			"from": [13.6, 10.95221, 8.91909],
			"to": [14.5, 11.85221, 9.81909],
			"rotation": {"angle": 45, "axis": "x", "origin": [21.6, 4.75221, 1.81909]},
			"faces": {
				"north": {"uv": [0, 13, 1, 14], "rotation": 180, "texture": "#1"},
				"east": {"uv": [0, 13, 1, 14], "texture": "#1"},
				"south": {"uv": [0, 13, 1, 14], "rotation": 180, "texture": "#1"},
				"west": {"uv": [0, 13, 1, 14], "texture": "#1"},
				"up": {"uv": [0, 13, 1, 14], "rotation": 180, "texture": "#1"},
				"down": {"uv": [0, 13, 1, 14], "rotation": 180, "texture": "#1"}
			}
		},
		{
			"from": [13.6, 11.5886, 8.28269],
			"to": [14.5, 12.4886, 9.18269],
			"rotation": {"angle": 45, "axis": "x", "origin": [21.6, 5.3886, 1.18269]},
			"faces": {
				"north": {"uv": [1, 13, 2, 14], "rotation": 180, "texture": "#1"},
				"east": {"uv": [1, 13, 2, 14], "texture": "#1"},
				"south": {"uv": [1, 13, 2, 14], "rotation": 180, "texture": "#1"},
				"west": {"uv": [1, 13, 2, 14], "texture": "#1"},
				"up": {"uv": [1, 13, 2, 14], "rotation": 180, "texture": "#1"},
				"down": {"uv": [1, 13, 2, 14], "rotation": 180, "texture": "#1"}
			}
		},
		{
			"from": [13.6, 12.225, 6.37351],
			"to": [14.5, 13.125, 7.27351],
			"rotation": {"angle": 45, "axis": "x", "origin": [21.6, 6.025, -0.72649]},
			"faces": {
				"north": {"uv": [3, 12, 4, 13], "rotation": 180, "texture": "#1"},
				"east": {"uv": [3, 12, 4, 13], "texture": "#1"},
				"south": {"uv": [3, 12, 4, 13], "rotation": 180, "texture": "#1"},
				"west": {"uv": [3, 12, 4, 13], "texture": "#1"},
				"up": {"uv": [3, 12, 4, 13], "rotation": 180, "texture": "#1"},
				"down": {"uv": [3, 12, 4, 13], "rotation": 180, "texture": "#1"}
			}
		},
		{
			"from": [13.6, 12.225, 5.10071],
			"to": [14.5, 13.125, 6.00071],
			"rotation": {"angle": 45, "axis": "x", "origin": [21.6, 6.025, -1.99929]},
			"faces": {
				"north": {"uv": [4, 11, 5, 12], "rotation": 180, "texture": "#1"},
				"east": {"uv": [4, 11, 5, 12], "texture": "#1"},
				"south": {"uv": [4, 11, 5, 12], "rotation": 180, "texture": "#1"},
				"west": {"uv": [4, 11, 5, 12], "texture": "#1"},
				"up": {"uv": [4, 11, 5, 12], "rotation": 180, "texture": "#1"},
				"down": {"uv": [4, 11, 5, 12], "rotation": 180, "texture": "#1"}
			}
		},
		{
			"from": [13.6, 11.5886, 7.0099],
			"to": [14.5, 12.4886, 7.9099],
			"rotation": {"angle": 45, "axis": "x", "origin": [21.6, 5.3886, -0.0901]},
			"faces": {
				"north": {"uv": [2, 12, 3, 13], "rotation": 180, "texture": "#1"},
				"east": {"uv": [2, 12, 3, 13], "texture": "#1"},
				"south": {"uv": [2, 12, 3, 13], "rotation": 180, "texture": "#1"},
				"west": {"uv": [2, 12, 3, 13], "texture": "#1"},
				"up": {"uv": [2, 12, 3, 13], "rotation": 180, "texture": "#1"},
				"down": {"uv": [2, 12, 3, 13], "rotation": 180, "texture": "#1"}
			}
		},
		{
			"from": [13.6, 10.95221, 2.55513],
			"to": [14.5, 11.85221, 3.45513],
			"rotation": {"angle": 45, "axis": "x", "origin": [21.6, 4.75221, -4.54487]},
			"faces": {
				"north": {"uv": [5, 8, 6, 9], "rotation": 180, "texture": "#1"},
				"east": {"uv": [5, 8, 6, 9], "texture": "#1"},
				"south": {"uv": [5, 8, 6, 9], "rotation": 180, "texture": "#1"},
				"west": {"uv": [5, 8, 6, 9], "texture": "#1"},
				"up": {"uv": [5, 8, 6, 9], "rotation": 180, "texture": "#1"},
				"down": {"uv": [5, 8, 6, 9], "rotation": 180, "texture": "#1"}
			}
		},
		{
			"from": [13.6, 10.95221, 0.00955],
			"to": [14.5, 11.85221, 0.90955],
			"rotation": {"angle": 45, "axis": "x", "origin": [21.6, 4.75221, -7.09045]},
			"faces": {
				"north": {"uv": [7, 6, 8, 7], "rotation": 180, "texture": "#1"},
				"east": {"uv": [7, 6, 8, 7], "texture": "#1"},
				"south": {"uv": [7, 6, 8, 7], "rotation": 180, "texture": "#1"},
				"west": {"uv": [7, 6, 8, 7], "texture": "#1"},
				"up": {"uv": [7, 6, 8, 7], "rotation": 180, "texture": "#1"},
				"down": {"uv": [7, 6, 8, 7], "rotation": 180, "texture": "#1"}
			}
		},
		{
			"from": [13.6, 10.95221, -2.53604],
			"to": [14.5, 11.85221, -1.63604],
			"rotation": {"angle": 45, "axis": "x", "origin": [21.6, 4.75221, -9.63604]},
			"faces": {
				"north": {"uv": [9, 4, 10, 5], "rotation": 180, "texture": "#1"},
				"east": {"uv": [9, 4, 10, 5], "texture": "#1"},
				"south": {"uv": [9, 4, 10, 5], "rotation": 180, "texture": "#1"},
				"west": {"uv": [9, 4, 10, 5], "texture": "#1"},
				"up": {"uv": [9, 4, 10, 5], "rotation": 180, "texture": "#1"},
				"down": {"uv": [9, 4, 10, 5], "rotation": 180, "texture": "#1"}
			}
		},
		{
			"from": [13.6, 11.5886, -8.2636],
			"to": [14.5, 12.4886, -7.3636],
			"rotation": {"angle": 45, "axis": "x", "origin": [21.6, 5.3886, -15.3636]},
			"faces": {
				"north": {"uv": [14, 0, 15, 1], "rotation": 180, "texture": "#1"},
				"east": {"uv": [14, 0, 15, 1], "texture": "#1"},
				"south": {"uv": [14, 0, 15, 1], "rotation": 180, "texture": "#1"},
				"west": {"uv": [14, 0, 15, 1], "texture": "#1"},
				"up": {"uv": [14, 0, 15, 1], "rotation": 180, "texture": "#1"},
				"down": {"uv": [14, 0, 15, 1], "rotation": 180, "texture": "#1"}
			}
		},
		{
			"from": [13.6, 12.8614, -8.2636],
			"to": [14.5, 13.7614, -7.3636],
			"rotation": {"angle": 45, "axis": "x", "origin": [21.6, 6.6614, -15.3636]},
			"faces": {
				"north": {"uv": [15, 1, 16, 2], "rotation": 180, "texture": "#1"},
				"east": {"uv": [15, 1, 16, 2], "texture": "#1"},
				"south": {"uv": [15, 1, 16, 2], "rotation": 180, "texture": "#1"},
				"west": {"uv": [15, 1, 16, 2], "texture": "#1"},
				"up": {"uv": [15, 1, 16, 2], "rotation": 180, "texture": "#1"},
				"down": {"uv": [15, 1, 16, 2], "rotation": 180, "texture": "#1"}
			}
		},
		{
			"from": [13.6, 12.225, -7.62721],
			"to": [14.5, 13.125, -6.72721],
			"rotation": {"angle": 45, "axis": "x", "origin": [21.6, 6.025, -14.72721]},
			"faces": {
				"north": {"uv": [14, 1, 15, 2], "rotation": 180, "texture": "#1"},
				"east": {"uv": [14, 1, 15, 2], "texture": "#1"},
				"south": {"uv": [14, 1, 15, 2], "rotation": 180, "texture": "#1"},
				"west": {"uv": [14, 1, 15, 2], "texture": "#1"},
				"up": {"uv": [14, 1, 15, 2], "rotation": 180, "texture": "#1"},
				"down": {"uv": [14, 1, 15, 2], "rotation": 180, "texture": "#1"}
			}
		},
		{
			"from": [13.6, 12.8614, -6.99081],
			"to": [14.5, 13.7614, -6.09081],
			"rotation": {"angle": 45, "axis": "x", "origin": [21.6, 6.6614, -14.09081]},
			"faces": {
				"north": {"uv": [14, 2, 15, 3], "rotation": 180, "texture": "#1"},
				"east": {"uv": [14, 2, 15, 3], "texture": "#1"},
				"south": {"uv": [14, 2, 15, 3], "rotation": 180, "texture": "#1"},
				"west": {"uv": [14, 2, 15, 3], "texture": "#1"},
				"up": {"uv": [14, 2, 15, 3], "rotation": 180, "texture": "#1"},
				"down": {"uv": [14, 2, 15, 3], "rotation": 180, "texture": "#1"}
			}
		},
		{
			"from": [13.6, 11.5886, -6.99081],
			"to": [14.5, 12.4886, -6.09081],
			"rotation": {"angle": 45, "axis": "x", "origin": [21.6, 5.3886, -14.09081]},
			"faces": {
				"north": {"uv": [13, 1, 14, 2], "rotation": 180, "texture": "#1"},
				"east": {"uv": [13, 1, 14, 2], "texture": "#1"},
				"south": {"uv": [13, 1, 14, 2], "rotation": 180, "texture": "#1"},
				"west": {"uv": [13, 1, 14, 2], "texture": "#1"},
				"up": {"uv": [13, 1, 14, 2], "rotation": 180, "texture": "#1"},
				"down": {"uv": [13, 1, 14, 2], "rotation": 180, "texture": "#1"}
			}
		},
		{
			"from": [13.6, 11.5886, -5.71802],
			"to": [14.5, 12.4886, -4.81802],
			"rotation": {"angle": 45, "axis": "x", "origin": [21.6, 5.3886, -12.81802]},
			"faces": {
				"north": {"uv": [12, 2, 13, 3], "rotation": 180, "texture": "#1"},
				"east": {"uv": [12, 2, 13, 3], "texture": "#1"},
				"south": {"uv": [12, 2, 13, 3], "rotation": 180, "texture": "#1"},
				"west": {"uv": [12, 2, 13, 3], "texture": "#1"},
				"up": {"uv": [12, 2, 13, 3], "rotation": 180, "texture": "#1"},
				"down": {"uv": [12, 2, 13, 3], "rotation": 180, "texture": "#1"}
			}
		},
		{
			"from": [13.6, 11.5886, -4.44523],
			"to": [14.5, 12.4886, -3.54523],
			"rotation": {"angle": 45, "axis": "x", "origin": [21.6, 5.3886, -11.54523]},
			"faces": {
				"north": {"uv": [11, 3, 12, 4], "rotation": 180, "texture": "#1"},
				"east": {"uv": [11, 3, 12, 4], "texture": "#1"},
				"south": {"uv": [11, 3, 12, 4], "rotation": 180, "texture": "#1"},
				"west": {"uv": [11, 3, 12, 4], "texture": "#1"},
				"up": {"uv": [11, 3, 12, 4], "rotation": 180, "texture": "#1"},
				"down": {"uv": [11, 3, 12, 4], "rotation": 180, "texture": "#1"}
			}
		},
		{
			"from": [13.6, 11.5886, 0.64594],
			"to": [14.5, 12.4886, 1.54594],
			"rotation": {"angle": 45, "axis": "x", "origin": [21.6, 5.3886, -6.45406]},
			"faces": {
				"north": {"uv": [7, 7, 8, 8], "rotation": 180, "texture": "#1"},
				"east": {"uv": [7, 7, 8, 8], "texture": "#1"},
				"south": {"uv": [7, 7, 8, 8], "rotation": 180, "texture": "#1"},
				"west": {"uv": [7, 7, 8, 8], "texture": "#1"},
				"up": {"uv": [7, 7, 8, 8], "rotation": 180, "texture": "#1"},
				"down": {"uv": [7, 7, 8, 8], "rotation": 180, "texture": "#1"}
			}
		},
		{
			"from": [13.6, 11.5886, 1.91873],
			"to": [14.5, 12.4886, 2.81873],
			"rotation": {"angle": 45, "axis": "x", "origin": [21.6, 5.3886, -5.18127]},
			"faces": {
				"north": {"uv": [6, 8, 7, 9], "rotation": 180, "texture": "#1"},
				"east": {"uv": [6, 8, 7, 9], "texture": "#1"},
				"south": {"uv": [6, 8, 7, 9], "rotation": 180, "texture": "#1"},
				"west": {"uv": [6, 8, 7, 9], "texture": "#1"},
				"up": {"uv": [6, 8, 7, 9], "rotation": 180, "texture": "#1"},
				"down": {"uv": [6, 8, 7, 9], "rotation": 180, "texture": "#1"}
			}
		},
		{
			"from": [13.6, 11.5886, -0.62685],
			"to": [14.5, 12.4886, 0.27315],
			"rotation": {"angle": 45, "axis": "x", "origin": [21.6, 5.3886, -7.72685]},
			"faces": {
				"north": {"uv": [8, 6, 9, 7], "rotation": 180, "texture": "#1"},
				"east": {"uv": [8, 6, 9, 7], "texture": "#1"},
				"south": {"uv": [8, 6, 9, 7], "rotation": 180, "texture": "#1"},
				"west": {"uv": [8, 6, 9, 7], "texture": "#1"},
				"up": {"uv": [8, 6, 9, 7], "rotation": 180, "texture": "#1"},
				"down": {"uv": [8, 6, 9, 7], "rotation": 180, "texture": "#1"}
			}
		},
		{
			"from": [13.6, 11.5886, -1.89964],
			"to": [14.5, 12.4886, -0.99964],
			"rotation": {"angle": 45, "axis": "x", "origin": [21.6, 5.3886, -8.99964]},
			"faces": {
				"north": {"uv": [9, 5, 10, 6], "rotation": 180, "texture": "#1"},
				"east": {"uv": [9, 5, 10, 6], "texture": "#1"},
				"south": {"uv": [9, 5, 10, 6], "rotation": 180, "texture": "#1"},
				"west": {"uv": [9, 5, 10, 6], "texture": "#1"},
				"up": {"uv": [9, 5, 10, 6], "rotation": 180, "texture": "#1"},
				"down": {"uv": [9, 5, 10, 6], "rotation": 180, "texture": "#1"}
			}
		},
		{
			"from": [13.6, 11.5886, -3.17244],
			"to": [14.5, 12.4886, -2.27244],
			"rotation": {"angle": 45, "axis": "x", "origin": [21.6, 5.3886, -10.27244]},
			"faces": {
				"north": {"uv": [10, 4, 11, 5], "rotation": 180, "texture": "#1"},
				"east": {"uv": [10, 4, 11, 5], "texture": "#1"},
				"south": {"uv": [10, 4, 11, 5], "rotation": 180, "texture": "#1"},
				"west": {"uv": [10, 4, 11, 5], "texture": "#1"},
				"up": {"uv": [10, 4, 11, 5], "rotation": 180, "texture": "#1"},
				"down": {"uv": [10, 4, 11, 5], "rotation": 180, "texture": "#1"}
			}
		},
		{
			"from": [13.6, 12.225, -6.35442],
			"to": [14.5, 13.125, -5.45442],
			"rotation": {"angle": 45, "axis": "x", "origin": [21.6, 6.025, -13.45442]},
			"faces": {
				"north": {"uv": [13, 2, 14, 3], "rotation": 180, "texture": "#1"},
				"east": {"uv": [13, 2, 14, 3], "texture": "#1"},
				"south": {"uv": [13, 2, 14, 3], "rotation": 180, "texture": "#1"},
				"west": {"uv": [13, 2, 14, 3], "texture": "#1"},
				"up": {"uv": [13, 2, 14, 3], "rotation": 180, "texture": "#1"},
				"down": {"uv": [13, 2, 14, 3], "rotation": 180, "texture": "#1"}
			}
		},
		{
			"from": [13.6, 12.225, -5.08162],
			"to": [14.5, 13.125, -4.18162],
			"rotation": {"angle": 45, "axis": "x", "origin": [21.6, 6.025, -12.18162]},
			"faces": {
				"north": {"uv": [12, 3, 13, 4], "rotation": 180, "texture": "#1"},
				"east": {"uv": [12, 3, 13, 4], "texture": "#1"},
				"south": {"uv": [12, 3, 13, 4], "rotation": 180, "texture": "#1"},
				"west": {"uv": [12, 3, 13, 4], "texture": "#1"},
				"up": {"uv": [12, 3, 13, 4], "rotation": 180, "texture": "#1"},
				"down": {"uv": [12, 3, 13, 4], "rotation": 180, "texture": "#1"}
			}
		},
		{
			"from": [13.6, 12.225, -3.80883],
			"to": [14.5, 13.125, -2.90883],
			"rotation": {"angle": 45, "axis": "x", "origin": [21.6, 6.025, -10.90883]},
			"faces": {
				"north": {"uv": [11, 4, 12, 5], "rotation": 180, "texture": "#1"},
				"east": {"uv": [11, 4, 12, 5], "texture": "#1"},
				"south": {"uv": [11, 4, 12, 5], "rotation": 180, "texture": "#1"},
				"west": {"uv": [11, 4, 12, 5], "texture": "#1"},
				"up": {"uv": [11, 4, 12, 5], "rotation": 180, "texture": "#1"},
				"down": {"uv": [11, 4, 12, 5], "rotation": 180, "texture": "#1"}
			}
		},
		{
			"from": [13.6, 12.225, -2.53604],
			"to": [14.5, 13.125, -1.63604],
			"rotation": {"angle": 45, "axis": "x", "origin": [21.6, 6.025, -9.63604]},
			"faces": {
				"north": {"uv": [10, 5, 11, 6], "rotation": 180, "texture": "#1"},
				"east": {"uv": [10, 5, 11, 6], "texture": "#1"},
				"south": {"uv": [10, 5, 11, 6], "rotation": 180, "texture": "#1"},
				"west": {"uv": [10, 5, 11, 6], "texture": "#1"},
				"up": {"uv": [10, 5, 11, 6], "rotation": 180, "texture": "#1"},
				"down": {"uv": [10, 5, 11, 6], "rotation": 180, "texture": "#1"}
			}
		},
		{
			"from": [13.6, 12.225, -1.26325],
			"to": [14.5, 13.125, -0.36325],
			"rotation": {"angle": 45, "axis": "x", "origin": [21.6, 6.025, -8.36325]},
			"faces": {
				"north": {"uv": [9, 6, 10, 7], "rotation": 180, "texture": "#1"},
				"east": {"uv": [9, 6, 10, 7], "texture": "#1"},
				"south": {"uv": [9, 6, 10, 7], "rotation": 180, "texture": "#1"},
				"west": {"uv": [9, 6, 10, 7], "texture": "#1"},
				"up": {"uv": [9, 6, 10, 7], "rotation": 180, "texture": "#1"},
				"down": {"uv": [9, 6, 10, 7], "rotation": 180, "texture": "#1"}
			}
		},
		{
			"from": [13.6, 12.225, 0.00955],
			"to": [14.5, 13.125, 0.90955],
			"rotation": {"angle": 45, "axis": "x", "origin": [21.6, 6.025, -7.09045]},
			"faces": {
				"north": {"uv": [8, 7, 9, 8], "rotation": 180, "texture": "#1"},
				"east": {"uv": [8, 7, 9, 8], "texture": "#1"},
				"south": {"uv": [8, 7, 9, 8], "rotation": 180, "texture": "#1"},
				"west": {"uv": [8, 7, 9, 8], "texture": "#1"},
				"up": {"uv": [8, 7, 9, 8], "rotation": 180, "texture": "#1"},
				"down": {"uv": [8, 7, 9, 8], "rotation": 180, "texture": "#1"}
			}
		},
		{
			"from": [13.6, 12.225, 1.28234],
			"to": [14.5, 13.125, 2.18234],
			"rotation": {"angle": 45, "axis": "x", "origin": [21.6, 6.025, -5.81766]},
			"faces": {
				"north": {"uv": [7, 8, 8, 9], "rotation": 180, "texture": "#1"},
				"east": {"uv": [7, 8, 8, 9], "texture": "#1"},
				"south": {"uv": [7, 8, 8, 9], "rotation": 180, "texture": "#1"},
				"west": {"uv": [7, 8, 8, 9], "texture": "#1"},
				"up": {"uv": [7, 8, 8, 9], "rotation": 180, "texture": "#1"},
				"down": {"uv": [7, 8, 8, 9], "rotation": 180, "texture": "#1"}
			}
		},
		{
			"from": [13.6, 12.225, 2.55513],
			"to": [14.5, 13.125, 3.45513],
			"rotation": {"angle": 45, "axis": "x", "origin": [21.6, 6.025, -4.54487]},
			"faces": {
				"north": {"uv": [6, 9, 7, 10], "rotation": 180, "texture": "#1"},
				"east": {"uv": [6, 9, 7, 10], "texture": "#1"},
				"south": {"uv": [6, 9, 7, 10], "rotation": 180, "texture": "#1"},
				"west": {"uv": [6, 9, 7, 10], "texture": "#1"},
				"up": {"uv": [6, 9, 7, 10], "rotation": 180, "texture": "#1"},
				"down": {"uv": [6, 9, 7, 10], "rotation": 180, "texture": "#1"}
			}
		},
		{
			"from": [13.6, 12.225, 3.82792],
			"to": [14.5, 13.125, 4.72792],
			"rotation": {"angle": 45, "axis": "x", "origin": [21.6, 6.025, -3.27208]},
			"faces": {
				"north": {"uv": [5, 10, 6, 11], "rotation": 180, "texture": "#1"},
				"east": {"uv": [5, 10, 6, 11], "texture": "#1"},
				"south": {"uv": [5, 10, 6, 11], "rotation": 180, "texture": "#1"},
				"west": {"uv": [5, 10, 6, 11], "texture": "#1"},
				"up": {"uv": [5, 10, 6, 11], "rotation": 180, "texture": "#1"},
				"down": {"uv": [5, 10, 6, 11], "rotation": 180, "texture": "#1"}
			}
		},
		{
			"from": [13.6, 11.5886, 3.19153],
			"to": [14.5, 12.4886, 4.09153],
			"rotation": {"angle": 45, "axis": "x", "origin": [21.6, 5.3886, -3.90847]},
			"faces": {
				"north": {"uv": [5, 9, 6, 10], "rotation": 180, "texture": "#1"},
				"east": {"uv": [5, 9, 6, 10], "texture": "#1"},
				"south": {"uv": [5, 9, 6, 10], "rotation": 180, "texture": "#1"},
				"west": {"uv": [5, 9, 6, 10], "texture": "#1"},
				"up": {"uv": [5, 9, 6, 10], "rotation": 180, "texture": "#1"},
				"down": {"uv": [5, 9, 6, 10], "rotation": 180, "texture": "#1"}
			}
		},
		{
			"from": [13.6, 10.95221, 3.82792],
			"to": [14.5, 11.85221, 4.72792],
			"rotation": {"angle": 45, "axis": "x", "origin": [21.6, 4.75221, -3.27208]},
			"faces": {
				"north": {"uv": [4, 9, 5, 10], "rotation": 180, "texture": "#1"},
				"east": {"uv": [4, 9, 5, 10], "texture": "#1"},
				"south": {"uv": [4, 9, 5, 10], "rotation": 180, "texture": "#1"},
				"west": {"uv": [4, 9, 5, 10], "texture": "#1"},
				"up": {"uv": [4, 9, 5, 10], "rotation": 180, "texture": "#1"},
				"down": {"uv": [4, 9, 5, 10], "rotation": 180, "texture": "#1"}
			}
		},
		{
			"from": [13.6, 10.31581, 3.19153],
			"to": [14.5, 11.21581, 4.09153],
			"rotation": {"angle": 45, "axis": "x", "origin": [21.6, 4.11581, -3.90847]},
			"faces": {
				"north": {"uv": [4, 8, 5, 9], "rotation": 180, "texture": "#1"},
				"east": {"uv": [4, 8, 5, 9], "texture": "#1"},
				"south": {"uv": [4, 8, 5, 9], "rotation": 180, "texture": "#1"},
				"west": {"uv": [4, 8, 5, 9], "texture": "#1"},
				"up": {"uv": [4, 8, 5, 9], "rotation": 180, "texture": "#1"},
				"down": {"uv": [4, 8, 5, 9], "rotation": 180, "texture": "#1"}
			}
		},
		{
			"from": [13.6, 9.04302, 3.19153],
			"to": [14.5, 9.94302, 4.09153],
			"rotation": {"angle": 45, "axis": "x", "origin": [21.6, 2.84302, -3.90847]},
			"faces": {
				"north": {"uv": [3, 7, 4, 8], "rotation": 180, "texture": "#1"},
				"east": {"uv": [3, 7, 4, 8], "texture": "#1"},
				"south": {"uv": [3, 7, 4, 8], "rotation": 180, "texture": "#1"},
				"west": {"uv": [3, 7, 4, 8], "texture": "#1"},
				"up": {"uv": [3, 7, 4, 8], "rotation": 180, "texture": "#1"},
				"down": {"uv": [3, 7, 4, 8], "rotation": 180, "texture": "#1"}
			}
		},
		{
			"from": [13.6, 12.8614, 3.19153],
			"to": [14.5, 13.7614, 4.09153],
			"rotation": {"angle": 45, "axis": "x", "origin": [21.6, 6.6614, -3.90847]},
			"faces": {
				"north": {"uv": [6, 10, 7, 11], "rotation": 180, "texture": "#1"},
				"east": {"uv": [6, 10, 7, 11], "texture": "#1"},
				"south": {"uv": [6, 10, 7, 11], "rotation": 180, "texture": "#1"},
				"west": {"uv": [6, 10, 7, 11], "texture": "#1"},
				"up": {"uv": [6, 10, 7, 11], "rotation": 180, "texture": "#1"},
				"down": {"uv": [6, 10, 7, 11], "rotation": 180, "texture": "#1"}
			}
		},
		{
			"from": [13.6, 14.13419, 3.19153],
			"to": [14.5, 15.03419, 4.09153],
			"rotation": {"angle": 45, "axis": "x", "origin": [21.6, 7.93419, -3.90847]},
			"faces": {
				"north": {"uv": [7, 11, 8, 12], "rotation": 180, "texture": "#1"},
				"east": {"uv": [7, 11, 8, 12], "texture": "#1"},
				"south": {"uv": [7, 11, 8, 12], "rotation": 180, "texture": "#1"},
				"west": {"uv": [7, 11, 8, 12], "texture": "#1"},
				"up": {"uv": [7, 11, 8, 12], "rotation": 180, "texture": "#1"},
				"down": {"uv": [7, 11, 8, 12], "rotation": 180, "texture": "#1"}
			}
		},
		{
			"from": [13.6, 15.40698, 3.19153],
			"to": [14.5, 16.30698, 4.09153],
			"rotation": {"angle": 45, "axis": "x", "origin": [21.6, 9.20698, -3.90847]},
			"faces": {
				"north": {"uv": [8, 12, 9, 13], "rotation": 180, "texture": "#1"},
				"east": {"uv": [8, 12, 9, 13], "texture": "#1"},
				"south": {"uv": [8, 12, 9, 13], "rotation": 180, "texture": "#1"},
				"west": {"uv": [8, 12, 9, 13], "texture": "#1"},
				"up": {"uv": [8, 12, 9, 13], "rotation": 180, "texture": "#1"},
				"down": {"uv": [8, 12, 9, 13], "rotation": 180, "texture": "#1"}
			}
		},
		{
			"from": [13.6, 13.49779, 3.82792],
			"to": [14.5, 14.39779, 4.72792],
			"rotation": {"angle": 45, "axis": "x", "origin": [21.6, 7.29779, -3.27208]},
			"faces": {
				"north": {"uv": [6, 11, 7, 12], "rotation": 180, "texture": "#1"},
				"east": {"uv": [6, 11, 7, 12], "texture": "#1"},
				"south": {"uv": [6, 11, 7, 12], "rotation": 180, "texture": "#1"},
				"west": {"uv": [6, 11, 7, 12], "texture": "#1"},
				"up": {"uv": [6, 11, 7, 12], "rotation": 180, "texture": "#1"},
				"down": {"uv": [6, 11, 7, 12], "rotation": 180, "texture": "#1"}
			}
		},
		{
			"from": [13.6, 12.8614, -5.71802],
			"to": [14.5, 13.7614, -4.81802],
			"rotation": {"angle": 45, "axis": "x", "origin": [21.6, 6.6614, -12.81802]},
			"faces": {
				"north": {"uv": [13, 3, 14, 4], "rotation": 180, "texture": "#1"},
				"east": {"uv": [13, 3, 14, 4], "texture": "#1"},
				"south": {"uv": [13, 3, 14, 4], "rotation": 180, "texture": "#1"},
				"west": {"uv": [13, 3, 14, 4], "texture": "#1"},
				"up": {"uv": [13, 3, 14, 4], "rotation": 180, "texture": "#1"},
				"down": {"uv": [13, 3, 14, 4], "rotation": 180, "texture": "#1"}
			}
		},
		{
			"from": [13.6, 12.8614, -4.44523],
			"to": [14.5, 13.7614, -3.54523],
			"rotation": {"angle": 45, "axis": "x", "origin": [21.6, 6.6614, -11.54523]},
			"faces": {
				"north": {"uv": [12, 4, 13, 5], "rotation": 180, "texture": "#1"},
				"east": {"uv": [12, 4, 13, 5], "texture": "#1"},
				"south": {"uv": [12, 4, 13, 5], "rotation": 180, "texture": "#1"},
				"west": {"uv": [12, 4, 13, 5], "texture": "#1"},
				"up": {"uv": [12, 4, 13, 5], "rotation": 180, "texture": "#1"},
				"down": {"uv": [12, 4, 13, 5], "rotation": 180, "texture": "#1"}
			}
		},
		{
			"from": [13.6, 12.8614, -3.17244],
			"to": [14.5, 13.7614, -2.27244],
			"rotation": {"angle": 45, "axis": "x", "origin": [21.6, 6.6614, -10.27244]},
			"faces": {
				"north": {"uv": [11, 5, 12, 6], "rotation": 180, "texture": "#1"},
				"east": {"uv": [11, 5, 12, 6], "texture": "#1"},
				"south": {"uv": [11, 5, 12, 6], "rotation": 180, "texture": "#1"},
				"west": {"uv": [11, 5, 12, 6], "texture": "#1"},
				"up": {"uv": [11, 5, 12, 6], "rotation": 180, "texture": "#1"},
				"down": {"uv": [11, 5, 12, 6], "rotation": 180, "texture": "#1"}
			}
		},
		{
			"from": [13.6, 12.8614, -1.89964],
			"to": [14.5, 13.7614, -0.99964],
			"rotation": {"angle": 45, "axis": "x", "origin": [21.6, 6.6614, -8.99964]},
			"faces": {
				"north": {"uv": [10, 6, 11, 7], "rotation": 180, "texture": "#1"},
				"east": {"uv": [10, 6, 11, 7], "texture": "#1"},
				"south": {"uv": [10, 6, 11, 7], "rotation": 180, "texture": "#1"},
				"west": {"uv": [10, 6, 11, 7], "texture": "#1"},
				"up": {"uv": [10, 6, 11, 7], "rotation": 180, "texture": "#1"},
				"down": {"uv": [10, 6, 11, 7], "rotation": 180, "texture": "#1"}
			}
		},
		{
			"from": [13.6, 12.8614, -0.62685],
			"to": [14.5, 13.7614, 0.27315],
			"rotation": {"angle": 45, "axis": "x", "origin": [21.6, 6.6614, -7.72685]},
			"faces": {
				"north": {"uv": [9, 7, 10, 8], "rotation": 180, "texture": "#1"},
				"east": {"uv": [9, 7, 10, 8], "texture": "#1"},
				"south": {"uv": [9, 7, 10, 8], "rotation": 180, "texture": "#1"},
				"west": {"uv": [9, 7, 10, 8], "texture": "#1"},
				"up": {"uv": [9, 7, 10, 8], "rotation": 180, "texture": "#1"},
				"down": {"uv": [9, 7, 10, 8], "rotation": 180, "texture": "#1"}
			}
		},
		{
			"from": [13.6, 12.8614, 0.64594],
			"to": [14.5, 13.7614, 1.54594],
			"rotation": {"angle": 45, "axis": "x", "origin": [21.6, 6.6614, -6.45406]},
			"faces": {
				"north": {"uv": [8, 8, 9, 9], "rotation": 180, "texture": "#1"},
				"east": {"uv": [8, 8, 9, 9], "texture": "#1"},
				"south": {"uv": [8, 8, 9, 9], "rotation": 180, "texture": "#1"},
				"west": {"uv": [8, 8, 9, 9], "texture": "#1"},
				"up": {"uv": [8, 8, 9, 9], "rotation": 180, "texture": "#1"},
				"down": {"uv": [8, 8, 9, 9], "rotation": 180, "texture": "#1"}
			}
		},
		{
			"from": [13.6, 12.8614, 1.91873],
			"to": [14.5, 13.7614, 2.81873],
			"rotation": {"angle": 45, "axis": "x", "origin": [21.6, 6.6614, -5.18127]},
			"faces": {
				"north": {"uv": [7, 9, 8, 10], "rotation": 180, "texture": "#1"},
				"east": {"uv": [7, 9, 8, 10], "texture": "#1"},
				"south": {"uv": [7, 9, 8, 10], "rotation": 180, "texture": "#1"},
				"west": {"uv": [7, 9, 8, 10], "texture": "#1"},
				"up": {"uv": [7, 9, 8, 10], "rotation": 180, "texture": "#1"},
				"down": {"uv": [7, 9, 8, 10], "rotation": 180, "texture": "#1"}
			}
		},
		{
			"from": [13.6, 13.49779, -7.62721],
			"to": [14.5, 14.39779, -6.72721],
			"rotation": {"angle": 45, "axis": "x", "origin": [21.6, 7.29779, -14.72721]},
			"faces": {
				"north": {"uv": [15, 2, 16, 3], "rotation": 180, "texture": "#1"},
				"east": {"uv": [15, 2, 16, 3], "texture": "#1"},
				"south": {"uv": [15, 2, 16, 3], "rotation": 180, "texture": "#1"},
				"west": {"uv": [15, 2, 16, 3], "texture": "#1"},
				"up": {"uv": [15, 2, 16, 3], "rotation": 180, "texture": "#1"},
				"down": {"uv": [15, 2, 16, 3], "rotation": 180, "texture": "#1"}
			}
		},
		{
			"from": [13.6, 13.49779, -6.35442],
			"to": [14.5, 14.39779, -5.45442],
			"rotation": {"angle": 45, "axis": "x", "origin": [21.6, 7.29779, -13.45442]},
			"faces": {
				"north": {"uv": [14, 3, 15, 4], "rotation": 180, "texture": "#1"},
				"east": {"uv": [14, 3, 15, 4], "texture": "#1"},
				"south": {"uv": [14, 3, 15, 4], "rotation": 180, "texture": "#1"},
				"west": {"uv": [14, 3, 15, 4], "texture": "#1"},
				"up": {"uv": [14, 3, 15, 4], "rotation": 180, "texture": "#1"},
				"down": {"uv": [14, 3, 15, 4], "rotation": 180, "texture": "#1"}
			}
		},
		{
			"from": [13.6, 13.49779, -5.08162],
			"to": [14.5, 14.39779, -4.18162],
			"rotation": {"angle": 45, "axis": "x", "origin": [21.6, 7.29779, -12.18162]},
			"faces": {
				"north": {"uv": [13, 4, 14, 5], "rotation": 180, "texture": "#1"},
				"east": {"uv": [13, 4, 14, 5], "texture": "#1"},
				"south": {"uv": [13, 4, 14, 5], "rotation": 180, "texture": "#1"},
				"west": {"uv": [13, 4, 14, 5], "texture": "#1"},
				"up": {"uv": [13, 4, 14, 5], "rotation": 180, "texture": "#1"},
				"down": {"uv": [13, 4, 14, 5], "rotation": 180, "texture": "#1"}
			}
		},
		{
			"from": [13.6, 13.49779, -3.80883],
			"to": [14.5, 14.39779, -2.90883],
			"rotation": {"angle": 45, "axis": "x", "origin": [21.6, 7.29779, -10.90883]},
			"faces": {
				"north": {"uv": [12, 5, 13, 6], "rotation": 180, "texture": "#1"},
				"east": {"uv": [12, 5, 13, 6], "texture": "#1"},
				"south": {"uv": [12, 5, 13, 6], "rotation": 180, "texture": "#1"},
				"west": {"uv": [12, 5, 13, 6], "texture": "#1"},
				"up": {"uv": [12, 5, 13, 6], "rotation": 180, "texture": "#1"},
				"down": {"uv": [12, 5, 13, 6], "rotation": 180, "texture": "#1"}
			}
		},
		{
			"from": [13.6, 13.49779, -2.53604],
			"to": [14.5, 14.39779, -1.63604],
			"rotation": {"angle": 45, "axis": "x", "origin": [21.6, 7.29779, -9.63604]},
			"faces": {
				"north": {"uv": [11, 6, 12, 7], "rotation": 180, "texture": "#1"},
				"east": {"uv": [11, 6, 12, 7], "texture": "#1"},
				"south": {"uv": [11, 6, 12, 7], "rotation": 180, "texture": "#1"},
				"west": {"uv": [11, 6, 12, 7], "texture": "#1"},
				"up": {"uv": [11, 6, 12, 7], "rotation": 180, "texture": "#1"},
				"down": {"uv": [11, 6, 12, 7], "rotation": 180, "texture": "#1"}
			}
		},
		{
			"from": [13.6, 13.49779, -1.26325],
			"to": [14.5, 14.39779, -0.36325],
			"rotation": {"angle": 45, "axis": "x", "origin": [21.6, 7.29779, -8.36325]},
			"faces": {
				"north": {"uv": [10, 7, 11, 8], "rotation": 180, "texture": "#1"},
				"east": {"uv": [10, 7, 11, 8], "texture": "#1"},
				"south": {"uv": [10, 7, 11, 8], "rotation": 180, "texture": "#1"},
				"west": {"uv": [10, 7, 11, 8], "texture": "#1"},
				"up": {"uv": [10, 7, 11, 8], "rotation": 180, "texture": "#1"},
				"down": {"uv": [10, 7, 11, 8], "rotation": 180, "texture": "#1"}
			}
		},
		{
			"from": [13.6, 13.49779, 0.00955],
			"to": [14.5, 14.39779, 0.90955],
			"rotation": {"angle": 45, "axis": "x", "origin": [21.6, 7.29779, -7.09045]},
			"faces": {
				"north": {"uv": [9, 8, 10, 9], "rotation": 180, "texture": "#1"},
				"east": {"uv": [9, 8, 10, 9], "texture": "#1"},
				"south": {"uv": [9, 8, 10, 9], "rotation": 180, "texture": "#1"},
				"west": {"uv": [9, 8, 10, 9], "texture": "#1"},
				"up": {"uv": [9, 8, 10, 9], "rotation": 180, "texture": "#1"},
				"down": {"uv": [9, 8, 10, 9], "rotation": 180, "texture": "#1"}
			}
		},
		{
			"from": [13.6, 13.49779, 1.28234],
			"to": [14.5, 14.39779, 2.18234],
			"rotation": {"angle": 45, "axis": "x", "origin": [21.6, 7.29779, -5.81766]},
			"faces": {
				"north": {"uv": [8, 9, 9, 10], "rotation": 180, "texture": "#1"},
				"east": {"uv": [8, 9, 9, 10], "texture": "#1"},
				"south": {"uv": [8, 9, 9, 10], "rotation": 180, "texture": "#1"},
				"west": {"uv": [8, 9, 9, 10], "texture": "#1"},
				"up": {"uv": [8, 9, 9, 10], "rotation": 180, "texture": "#1"},
				"down": {"uv": [8, 9, 9, 10], "rotation": 180, "texture": "#1"}
			}
		},
		{
			"from": [13.6, 13.49779, 2.55513],
			"to": [14.5, 14.39779, 3.45513],
			"rotation": {"angle": 45, "axis": "x", "origin": [21.6, 7.29779, -4.54487]},
			"faces": {
				"north": {"uv": [7, 10, 8, 11], "rotation": 180, "texture": "#1"},
				"east": {"uv": [7, 10, 8, 11], "texture": "#1"},
				"south": {"uv": [7, 10, 8, 11], "rotation": 180, "texture": "#1"},
				"west": {"uv": [7, 10, 8, 11], "texture": "#1"},
				"up": {"uv": [7, 10, 8, 11], "rotation": 180, "texture": "#1"},
				"down": {"uv": [7, 10, 8, 11], "rotation": 180, "texture": "#1"}
			}
		},
		{
			"from": [13.6, 14.77058, 2.55513],
			"to": [14.5, 15.67058, 3.45513],
			"rotation": {"angle": 45, "axis": "x", "origin": [21.6, 8.57058, -4.54487]},
			"faces": {
				"north": {"uv": [8, 11, 9, 12], "rotation": 180, "texture": "#1"},
				"east": {"uv": [8, 11, 9, 12], "texture": "#1"},
				"south": {"uv": [8, 11, 9, 12], "rotation": 180, "texture": "#1"},
				"west": {"uv": [8, 11, 9, 12], "texture": "#1"},
				"up": {"uv": [8, 11, 9, 12], "rotation": 180, "texture": "#1"},
				"down": {"uv": [8, 11, 9, 12], "rotation": 180, "texture": "#1"}
			}
		},
		{
			"from": [13.6, 16.04338, 2.55513],
			"to": [14.5, 16.94338, 3.45513],
			"rotation": {"angle": 45, "axis": "x", "origin": [21.6, 9.84338, -4.54487]},
			"faces": {
				"north": {"uv": [9, 12, 10, 13], "rotation": 180, "texture": "#1"},
				"east": {"uv": [9, 12, 10, 13], "texture": "#1"},
				"south": {"uv": [9, 12, 10, 13], "rotation": 180, "texture": "#1"},
				"west": {"uv": [9, 12, 10, 13], "texture": "#1"},
				"up": {"uv": [9, 12, 10, 13], "rotation": 180, "texture": "#1"},
				"down": {"uv": [9, 12, 10, 13], "rotation": 180, "texture": "#1"}
			}
		},
		{
			"from": [13.6, 16.67977, 3.19153],
			"to": [14.5, 17.57977, 4.09153],
			"rotation": {"angle": 45, "axis": "x", "origin": [21.6, 10.47977, -3.90847]},
			"faces": {
				"north": {"uv": [9, 13, 10, 14], "rotation": 180, "texture": "#1"},
				"east": {"uv": [9, 13, 10, 14], "texture": "#1"},
				"south": {"uv": [9, 13, 10, 14], "rotation": 180, "texture": "#1"},
				"west": {"uv": [9, 13, 10, 14], "texture": "#1"},
				"up": {"uv": [9, 13, 10, 14], "rotation": 180, "texture": "#1"},
				"down": {"uv": [9, 13, 10, 14], "rotation": 180, "texture": "#1"}
			}
		},
		{
			"from": [13.6, 16.04338, 3.82792],
			"to": [14.5, 16.94338, 4.72792],
			"rotation": {"angle": 45, "axis": "x", "origin": [21.6, 9.84338, -3.27208]},
			"faces": {
				"north": {"uv": [8, 13, 9, 14], "rotation": 180, "texture": "#1"},
				"east": {"uv": [8, 13, 9, 14], "texture": "#1"},
				"south": {"uv": [8, 13, 9, 14], "rotation": 180, "texture": "#1"},
				"west": {"uv": [8, 13, 9, 14], "texture": "#1"},
				"up": {"uv": [8, 13, 9, 14], "rotation": 180, "texture": "#1"},
				"down": {"uv": [8, 13, 9, 14], "rotation": 180, "texture": "#1"}
			}
		},
		{
			"from": [13.6, 14.77058, 3.82792],
			"to": [14.5, 15.67058, 4.72792],
			"rotation": {"angle": 45, "axis": "x", "origin": [21.6, 8.57058, -3.27208]},
			"faces": {
				"north": {"uv": [7, 12, 8, 13], "rotation": 180, "texture": "#1"},
				"east": {"uv": [7, 12, 8, 13], "texture": "#1"},
				"south": {"uv": [7, 12, 8, 13], "rotation": 180, "texture": "#1"},
				"west": {"uv": [7, 12, 8, 13], "texture": "#1"},
				"up": {"uv": [7, 12, 8, 13], "rotation": 180, "texture": "#1"},
				"down": {"uv": [7, 12, 8, 13], "rotation": 180, "texture": "#1"}
			}
		},
		{
			"from": [13.6, 14.13419, 4.46432],
			"to": [14.5, 15.03419, 5.36432],
			"rotation": {"angle": 45, "axis": "x", "origin": [21.6, 7.93419, -2.63568]},
			"faces": {
				"north": {"uv": [6, 12, 7, 13], "rotation": 180, "texture": "#1"},
				"east": {"uv": [6, 12, 7, 13], "texture": "#1"},
				"south": {"uv": [6, 12, 7, 13], "rotation": 180, "texture": "#1"},
				"west": {"uv": [6, 12, 7, 13], "texture": "#1"},
				"up": {"uv": [6, 12, 7, 13], "rotation": 180, "texture": "#1"},
				"down": {"uv": [6, 12, 7, 13], "rotation": 180, "texture": "#1"}
			}
		},
		{
			"from": [13.6, 12.8614, 4.46432],
			"to": [14.5, 13.7614, 5.36432],
			"rotation": {"angle": 45, "axis": "x", "origin": [21.6, 6.6614, -2.63568]},
			"faces": {
				"north": {"uv": [5, 11, 6, 12], "rotation": 180, "texture": "#1"},
				"east": {"uv": [5, 11, 6, 12], "texture": "#1"},
				"south": {"uv": [5, 11, 6, 12], "rotation": 180, "texture": "#1"},
				"west": {"uv": [5, 11, 6, 12], "texture": "#1"},
				"up": {"uv": [5, 11, 6, 12], "rotation": 180, "texture": "#1"},
				"down": {"uv": [5, 11, 6, 12], "rotation": 180, "texture": "#1"}
			}
		}
	],
	"display": {
		"thirdperson_righthand": {
			"rotation": [50, 50, 0],
			"translation": [0, 2, 2],
			"scale": [0.3, 0.3, 0.3]
		},
		"thirdperson_lefthand": {
			"rotation": [50, 50, 0],
			"translation": [0, 2, 2],
			"scale": [0.3, 0.3, 0.3]
		},
		"firstperson_righthand": {
			"rotation": [10, 115, -10],
			"translation": [2, 3, 0],
			"scale": [0.3, 0.3, 0.3]
		},
		"firstperson_lefthand": {
			"rotation": [10, 115, -10],
			"translation": [2, 3, 0],
			"scale": [0.3, 0.3, 0.3]
		},
		"ground": {
			"translation": [0, 4, 0],
			"scale": [0.3, 0.3, 0.3]
		},
		"gui": {
			"rotation": [20, 135, 0],
			"translation": [0, -0.5, 0],
			"scale": [0.43, 0.43, 0.43]
		},
		"head": {
			"translation": [0, 14.4, 0],
			"scale": [0.5, 0.5, 0.5]
		},
		"fixed": {
			"rotation": [-90, 0, 0],
			"translation": [0, -2, -16]
		}
	},
	"groups": [
		{
			"name": "body",
			"shade": false,
			"origin": [0, 24, 0],
			"children": [0, 1, 2]
		},
		{
			"name": "jacket",
			"shade": false,
			"origin": [0, 24, 0],
			"children": []
		},
		{
			"name": "head",
			"shade": false,
			"origin": [0, 24, 0],
			"children": [3, 4]
		},
		{
			"name": "hat",
			"shade": false,
			"origin": [0, 24, 0],
			"children": []
		},
		{
			"name": "rightArm",
			"shade": false,
			"origin": [-5, 22, 0],
			"children": [5]
		},
		{
			"name": "leftArm",
			"shade": false,
			"origin": [5, 22, 0],
			"children": [6]
		},
		{
			"name": "rightSleeve",
			"shade": false,
			"origin": [-5, 22, 0],
			"children": []
		},
		{
			"name": "leftSleeve",
			"shade": false,
			"origin": [5, 22, 0],
			"children": []
		},
		{
			"name": "rightLeg",
			"shade": false,
			"origin": [-1.9, 12, 0],
			"children": [7]
		},
		{
			"name": "leftLeg",
			"shade": false,
			"origin": [1.9, 12, 0],
			"children": [8, 9, 10]
		},
		{
			"name": "rightPants",
			"shade": false,
			"origin": [-1.9, 12, 0],
			"children": []
		},
		{
			"name": "leftPants",
			"shade": false,
			"origin": [1.9, 12, 0],
			"children": []
		},
		{
			"name": "group",
			"origin": [8, 8, 8],
			"children": [11, 12, 13, 14, 15, 16, 17, 18, 19, 20, 21, 22, 23, 24, 25, 26, 27, 28, 29, 30, 31, 32, 33, 34, 35, 36, 37, 38, 39, 40, 41, 42, 43, 44, 45, 46, 47, 48, 49, 50, 51, 52, 53, 54, 55, 56, 57, 58, 59, 60, 61, 62, 63, 64, 65, 66, 67, 68, 69, 70, 71, 72, 73, 74, 75, 76, 77, 78, 79, 80, 81, 82, 83, 84, 85, 86, 87, 88, 89, 90, 91, 92, 93, 94]
		}
	]
}